#include <stdint.h>

#include <stddef.h>

const size_t sub_0000_command_stream_size = 22164;

__attribute__((aligned(16))) const uint8_t sub_0000_command_stream[22164] = {
0x43, 0x4f, 0x50, 0x31, 0x01, 0x00, 0x10, 0x00, 0x08, 0x30, 0x00, 0x00, 0x00, 0x00, 0x06, 0x10, 
0x05, 0x00, 0x00, 0x00, 0x05, 0x00, 0x00, 0x00, 0x05, 0x00, 0x00, 0x00, 0x02, 0x00, 0x9d, 0x15, 
0x0f, 0x01, 0x01, 0x00, 0x00, 0x40, 0x00, 0x00, 0x00, 0x00, 0x00, 0x00, 0x01, 0x40, 0x00, 0x00, 
0x00, 0x00, 0x00, 0x00, 0x02, 0x40, 0x00, 0x00, 0x00, 0x00, 0x00, 0x00, 0x03, 0x40, 0x00, 0x00, 
0x00, 0x00, 0x00, 0x00, 0x0b, 0x01, 0xbf, 0x00, 0x0c, 0x01, 0xbf, 0x00, 0x0a, 0x01, 0x5f, 0x00, 
0x04, 0x01, 0x05, 0x00, 0x06, 0x40, 0x00, 0x00, 0x01, 0x00, 0x00, 0x00, 0x05, 0x40, 0x00, 0x00, 
0x40, 0x02, 0x00, 0x00, 0x04, 0x40, 0x00, 0x00, 0x06, 0x00, 0x00, 0x00, 0x09, 0x01, 0x80, 0xff, 
0x05, 0x01, 0x01, 0x00, 0x07, 0x01, 0x00, 0x00, 0x00, 0x01, 0x01, 0x00, 0x01, 0x01, 0x01, 0x00, 
0x03, 0x01, 0x02, 0x00, 0x02, 0x01, 0x02, 0x00, 0x1f, 0x01, 0x01, 0x00, 0x10, 0x40, 0x00, 0x00, 
0x00, 0x80, 0x04, 0x00, 0x11, 0x40, 0x00, 0x00, 0x00, 0x00, 0x00, 0x00, 0x12, 0x40, 0x00, 0x00, 
0x00, 0x00, 0x00, 0x00, 0x13, 0x40, 0x00, 0x00, 0x00, 0x00, 0x00, 0x00, 0x1b, 0x01, 0x5f, 0x00, 
0x1c, 0x01, 0x5f, 0x00, 0x1a, 0x01, 0x5f, 0x00, 0x12, 0x01, 0x5f, 0x00, 0x11, 0x01, 0x5f, 0x00, 
0x13, 0x01, 0x1f, 0x00, 0x16, 0x40, 0x00, 0x00, 0x00, 0x06, 0x00, 0x00, 0x15, 0x40, 0x00, 0x00, 
0x00, 0x0c, 0x00, 0x00, 0x14, 0x40, 0x00, 0x00, 0x10, 0x00, 0x00, 0x00, 0x18, 0x01, 0x03, 0x00, 
0x14, 0x01, 0x41, 0x00, 0x21, 0x01, 0x04, 0x00, 0x20, 0x01, 0x03, 0x00, 0x22, 0x01, 0x06, 0x00, 
0x28, 0x01, 0x00, 0x00, 0x20, 0x40, 0x00, 0x00, 0x90, 0x52, 0x04, 0x00, 0x21, 0x40, 0x00, 0x00, 
0x30, 0x0b, 0x00, 0x00, 0x29, 0x01, 0x00, 0x00, 0x22, 0x40, 0x00, 0x00, 0x50, 0x51, 0x04, 0x00, 
0x23, 0x40, 0x00, 0x00, 0x40, 0x01, 0x00, 0x00, 0x25, 0x01, 0x00, 0x00, 0x26, 0x01, 0x80, 0xff, 
0x27, 0x01, 0x7f, 0x00, 0x16, 0x01, 0x07, 0x00, 0x15, 0x01, 0x0f, 0x00, 0x17, 0x01, 0x1f, 0x00, 
0x0d, 0x01, 0x0a, 0x00, 0x2d, 0x01, 0x0e, 0x00, 0x24, 0x01, 0x00, 0x00, 0x2f, 0x01, 0x00, 0x00, 
0x02, 0x00, 0x00, 0x00, 0x24, 0x40, 0x26, 0x00, 0x80, 0x21, 0x92, 0x4c, 0x00, 0x40, 0x00, 0x00, 
0x00, 0x80, 0x04, 0x00, 0x0b, 0x01, 0x5f, 0x00, 0x0c, 0x01, 0x5f, 0x00, 0x04, 0x01, 0x1f, 0x00, 
0x06, 0x40, 0x00, 0x00, 0x00, 0x06, 0x00, 0x00, 0x05, 0x40, 0x00, 0x00, 0x00, 0x0c, 0x00, 0x00, 
0x04, 0x40, 0x00, 0x00, 0x10, 0x00, 0x00, 0x00, 0x09, 0x01, 0x03, 0x00, 0x05, 0x01, 0x41, 0x00, 
0x10, 0x40, 0x00, 0x00, 0x00, 0x00, 0x09, 0x00, 0x18, 0x01, 0xe3, 0xff, 0x14, 0x01, 0x41, 0x01, 
0x26, 0x01, 0xe3, 0xff, 0x15, 0x01, 0x3f, 0x00, 0x17, 0x01, 0x0f, 0x00, 0x0d, 0x01, 0x2e, 0x00, 
0x2d, 0x01, 0x2e, 0x00, 0x8d, 0x01, 0x12, 0x00, 0x8f, 0x01, 0x00, 0x00, 0x80, 0x40, 0x00, 0x00, 
0x40, 0x01, 0x00, 0x00, 0x81, 0x40, 0x00, 0x00, 0x00, 0x00, 0x00, 0x00, 0x82, 0x40, 0x00, 0x00, 
0x00, 0x00, 0x00, 0x00, 0x83, 0x40, 0x00, 0x00, 0x00, 0x00, 0x00, 0x00, 0x8b, 0x01, 0x00, 0x00, 
0x8c, 0x01, 0x00, 0x00, 0x8a, 0x01, 0x00, 0x00, 0x86, 0x40, 0x00, 0x00, 0x01, 0x00, 0x00, 0x00, 
0x85, 0x40, 0x00, 0x00, 0x01, 0x00, 0x00, 0x00, 0x84, 0x40, 0x00, 0x00, 0x01, 0x00, 0x00, 0x00, 
0x89, 0x01, 0x7f, 0x00, 0x85, 0x01, 0x01, 0x00, 0x80, 0x01, 0x07, 0x00, 0x2f, 0x01, 0x03, 0x00, 
0x06, 0x00, 0x00, 0x00, 0x24, 0x40, 0x24, 0x00, 0x00, 0x13, 0xc9, 0x45, 0x00, 0x40, 0x00, 0x00, 
0x00, 0x00, 0x09, 0x00, 0x09, 0x01, 0xe3, 0xff, 0x18, 0x01, 0xe7, 0xff, 0x26, 0x01, 0x80, 0xff, 
0x80, 0x40, 0x00, 0x00, 0x50, 0x01, 0x00, 0x00, 0x85, 0x40, 0x00, 0x00, 0x20, 0x00, 0x00, 0x00, 
0x84, 0x40, 0x00, 0x00, 0x20, 0x00, 0x00, 0x00, 0x89, 0x01, 0x3c, 0x00, 0x80, 0x01, 0x03, 0x00, 
0x06, 0x00, 0x00, 0x00, 0x00, 0x40, 0x00, 0x00, 0x00, 0x80, 0x04, 0x00, 0x09, 0x01, 0x03, 0x00, 
0x00, 0x01, 0x00, 0x00, 0x01, 0x01, 0x00, 0x00, 0x03, 0x01, 0x00, 0x00, 0x02, 0x01, 0x00, 0x00, 
0x10, 0x40, 0x00, 0x00, 0x00, 0x00, 0x00, 0x00, 0x18, 0x01, 0xe6, 0xff, 0x21, 0x01, 0x00, 0x00, 
0x20, 0x01, 0x00, 0x00, 0x22, 0x01, 0x00, 0x00, 0x26, 0x01, 0xe6, 0xff, 0x16, 0x01, 0x01, 0x00, 
0x15, 0x01, 0x3d, 0x00, 0x0d, 0x01, 0x0a, 0x00, 0x2d, 0x01, 0x1e, 0x00, 0x24, 0x40, 0x1e, 0x00, 
0x00, 0x8e, 0xd7, 0x4e, 0x05, 0x00, 0x01, 0x00, 0x25, 0x40, 0x0c, 0x00, 0x0a, 0x28, 0x94, 0x7e, 
0x26, 0x40, 0x00, 0x00, 0x00, 0x00, 0x00, 0x00, 0x24, 0x40, 0x31, 0x00, 0x00, 0x00, 0x00, 0x40, 
0x00, 0x40, 0x00, 0x00, 0x00, 0x00, 0x00, 0x00, 0x09, 0x01, 0xe6, 0xff, 0x05, 0x01, 0x41, 0x02, 
0x26, 0x01, 0x80, 0xff, 0x16, 0x01, 0x07, 0x00, 0x15, 0x01, 0x3f, 0x00, 0x0d, 0x01, 0x2e, 0x00, 
0x2d, 0x01, 0x2e, 0x00, 0x8f, 0x01, 0x01, 0x00, 0x80, 0x40, 0x00, 0x00, 0x00, 0x00, 0x09, 0x00, 
0x8b, 0x01, 0x5f, 0x00, 0x8c, 0x01, 0x5f, 0x00, 0x8a, 0x01, 0x5f, 0x00, 0x86, 0x40, 0x00, 0x00, 
0x00, 0x06, 0x00, 0x00, 0x85, 0x40, 0x00, 0x00, 0x00, 0x0c, 0x00, 0x00, 0x84, 0x40, 0x00, 0x00, 
0x10, 0x00, 0x00, 0x00, 0x89, 0x01, 0xe7, 0xff, 0x85, 0x01, 0x41, 0x00, 0x80, 0x01, 0x00, 0x00, 
0x06, 0x00, 0x01, 0x00, 0x05, 0x01, 0x41, 0x00, 0x00, 0x01, 0x02, 0x00, 0x01, 0x01, 0x02, 0x00, 
0x03, 0x01, 0x02, 0x00, 0x02, 0x01, 0x02, 0x00, 0x10, 0x40, 0x00, 0x00, 0x00, 0x00, 0x09, 0x00, 
0x18, 0x01, 0xe8, 0xff, 0x14, 0x01, 0x41, 0x00, 0x21, 0x01, 0x04, 0x00, 0x20, 0x01, 0x04, 0x00, 
0x20, 0x40, 0x00, 0x00, 0x00, 0x5f, 0x04, 0x00, 0x21, 0x40, 0x00, 0x00, 0x00, 0x03, 0x00, 0x00, 
0x22, 0x40, 0x00, 0x00, 0xc0, 0x5d, 0x04, 0x00, 0x16, 0x01, 0x0b, 0x00, 0x15, 0x01, 0x0b, 0x00, 
0x0d, 0x01, 0x0a, 0x00, 0x2d, 0x01, 0x0e, 0x00, 0x03, 0x00, 0x00, 0x00, 0x00, 0x40, 0x00, 0x00, 
0x00, 0x00, 0x09, 0x00, 0x09, 0x01, 0xe8, 0xff, 0x00, 0x01, 0x00, 0x00, 0x01, 0x01, 0x00, 0x00, 
0x03, 0x01, 0x00, 0x00, 0x02, 0x01, 0x00, 0x00, 0x10, 0x40, 0x00, 0x00, 0x00, 0x80, 0x04, 0x00, 
0x18, 0x01, 0x1d, 0x00, 0x21, 0x01, 0x00, 0x00, 0x20, 0x01, 0x00, 0x00, 0x20, 0x40, 0x00, 0x00, 
0x40, 0x63, 0x04, 0x00, 0x21, 0x40, 0x00, 0x00, 0x00, 0x04, 0x00, 0x00, 0x22, 0x40, 0x00, 0x00, 
0x00, 0x62, 0x04, 0x00, 0x16, 0x01, 0x03, 0x00, 0x15, 0x01, 0x1f, 0x00, 0x17, 0x01, 0x1f, 0x00, 
0x02, 0x00, 0x00, 0x00, 0x25, 0x40, 0x0d, 0x00, 0xfd, 0xa6, 0xf2, 0x40, 0x24, 0x40, 0x31, 0x00, 
0x38, 0x0e, 0x17, 0x40, 0x00, 0x40, 0x00, 0x00, 0x00, 0x00, 0x00, 0x00, 0x09, 0x01, 0xe6, 0xff, 
0x05, 0x01, 0x41, 0x01, 0x14, 0x01, 0x41, 0x01, 0x16, 0x01, 0x07, 0x00, 0x15, 0x01, 0x3f, 0x00, 
0x17, 0x01, 0x0f, 0x00, 0x0d, 0x01, 0x2e, 0x00, 0x2d, 0x01, 0x2e, 0x00, 0x80, 0x40, 0x00, 0x00, 
0x00, 0x80, 0x04, 0x00, 0x89, 0x01, 0x1d, 0x00, 0x06, 0x00, 0x01, 0x00, 0x24, 0x40, 0x27, 0x00, 
0x80, 0x93, 0xb3, 0x78, 0x00, 0x40, 0x00, 0x00, 0x00, 0x80, 0x04, 0x00, 0x09, 0x01, 0x1d, 0x00, 
0x05, 0x01, 0x41, 0x00, 0x10, 0x40, 0x00, 0x00, 0x00, 0x00, 0x09, 0x00, 0x18, 0x01, 0xec, 0xff, 
0x26, 0x01, 0xec, 0xff, 0x8f, 0x01, 0x00, 0x00, 0x80, 0x40, 0x00, 0x00, 0xf0, 0x03, 0x00, 0x00, 
0x8b, 0x01, 0x00, 0x00, 0x8c, 0x01, 0x00, 0x00, 0x8a, 0x01, 0x00, 0x00, 0x86, 0x40, 0x00, 0x00, 
0x01, 0x00, 0x00, 0x00, 0x85, 0x40, 0x00, 0x00, 0x01, 0x00, 0x00, 0x00, 0x84, 0x40, 0x00, 0x00, 
0x01, 0x00, 0x00, 0x00, 0x89, 0x01, 0x7f, 0x00, 0x85, 0x01, 0x01, 0x00, 0x80, 0x01, 0x07, 0x00, 
0x06, 0x00, 0x00, 0x00, 0x24, 0x40, 0x24, 0x00, 0x00, 0x34, 0x28, 0x5b, 0x00, 0x40, 0x00, 0x00, 
0x00, 0x00, 0x09, 0x00, 0x09, 0x01, 0xec, 0xff, 0x18, 0x01, 0x23, 0x00, 0x26, 0x01, 0x80, 0xff, 
0x80, 0x40, 0x00, 0x00, 0x00, 0x04, 0x00, 0x00, 0x85, 0x40, 0x00, 0x00, 0x20, 0x00, 0x00, 0x00, 
0x84, 0x40, 0x00, 0x00, 0x20, 0x00, 0x00, 0x00, 0x89, 0x01, 0x36, 0x00, 0x80, 0x01, 0x03, 0x00, 
0x06, 0x00, 0x00, 0x00, 0x00, 0x40, 0x00, 0x00, 0x00, 0x80, 0x04, 0x00, 0x09, 0x01, 0x1d, 0x00, 
0x10, 0x40, 0x00, 0x00, 0x00, 0x00, 0x00, 0x00, 0x18, 0x01, 0x09, 0x00, 0x26, 0x01, 0x09, 0x00, 
0x16, 0x01, 0x01, 0x00, 0x15, 0x01, 0x3d, 0x00, 0x0d, 0x01, 0x0a, 0x00, 0x2d, 0x01, 0x1e, 0x00, 
0x24, 0x40, 0x1e, 0x00, 0x80, 0x13, 0xc1, 0x4c, 0x05, 0x00, 0x01, 0x00, 0x25, 0x40, 0x0c, 0x00, 
0x3f, 0xab, 0xd2, 0x6b, 0x24, 0x40, 0x31, 0x00, 0x00, 0x00, 0x00, 0x40, 0x00, 0x40, 0x00, 0x00, 
0x00, 0x00, 0x00, 0x00, 0x09, 0x01, 0x09, 0x00, 0x05, 0x01, 0x41, 0x02, 0x26, 0x01, 0x80, 0xff, 
0x16, 0x01, 0x07, 0x00, 0x15, 0x01, 0x3f, 0x00, 0x0d, 0x01, 0x2e, 0x00, 0x2d, 0x01, 0x2e, 0x00, 
0x8f, 0x01, 0x01, 0x00, 0x80, 0x40, 0x00, 0x00, 0x00, 0x00, 0x09, 0x00, 0x8b, 0x01, 0x5f, 0x00, 
0x8c, 0x01, 0x5f, 0x00, 0x8a, 0x01, 0x5f, 0x00, 0x86, 0x40, 0x00, 0x00, 0x00, 0x06, 0x00, 0x00, 
0x85, 0x40, 0x00, 0x00, 0x00, 0x0c, 0x00, 0x00, 0x84, 0x40, 0x00, 0x00, 0x10, 0x00, 0x00, 0x00, 
0x89, 0x01, 0x23, 0x00, 0x85, 0x01, 0x41, 0x00, 0x80, 0x01, 0x00, 0x00, 0x06, 0x00, 0x01, 0x00, 
0x05, 0x01, 0x41, 0x00, 0x00, 0x01, 0x02, 0x00, 0x01, 0x01, 0x02, 0x00, 0x03, 0x01, 0x02, 0x00, 
0x02, 0x01, 0x02, 0x00, 0x10, 0x40, 0x00, 0x00, 0x00, 0x00, 0x09, 0x00, 0x18, 0x01, 0x18, 0x00, 
0x14, 0x01, 0x41, 0x00, 0x21, 0x01, 0x04, 0x00, 0x20, 0x01, 0x04, 0x00, 0x20, 0x40, 0x00, 0x00, 
0x80, 0x68, 0x04, 0x00, 0x21, 0x40, 0x00, 0x00, 0x10, 0x03, 0x00, 0x00, 0x22, 0x40, 0x00, 0x00, 
0x40, 0x67, 0x04, 0x00, 0x16, 0x01, 0x0b, 0x00, 0x15, 0x01, 0x0b, 0x00, 0x0d, 0x01, 0x0a, 0x00, 
0x2d, 0x01, 0x0e, 0x00, 0x03, 0x00, 0x00, 0x00, 0x00, 0x40, 0x00, 0x00, 0x00, 0x00, 0x09, 0x00, 
0x09, 0x01, 0x18, 0x00, 0x00, 0x01, 0x00, 0x00, 0x01, 0x01, 0x00, 0x00, 0x03, 0x01, 0x00, 0x00, 
0x02, 0x01, 0x00, 0x00, 0x10, 0x40, 0x00, 0x00, 0x00, 0x80, 0x04, 0x00, 0x18, 0x01, 0x0d, 0x00, 
0x21, 0x01, 0x00, 0x00, 0x20, 0x01, 0x00, 0x00, 0x20, 0x40, 0x00, 0x00, 0xd0, 0x6c, 0x04, 0x00, 
0x21, 0x40, 0x00, 0x00, 0xd0, 0x03, 0x00, 0x00, 0x22, 0x40, 0x00, 0x00, 0x90, 0x6b, 0x04, 0x00, 
0x16, 0x01, 0x03, 0x00, 0x15, 0x01, 0x1f, 0x00, 0x17, 0x01, 0x1f, 0x00, 0x02, 0x00, 0x00, 0x00, 
0x25, 0x40, 0x0c, 0x00, 0x68, 0x87, 0x60, 0x7c, 0x24, 0x40, 0x31, 0x00, 0x57, 0x3e, 0xdd, 0x41, 
0x00, 0x40, 0x00, 0x00, 0x00, 0x00, 0x00, 0x00, 0x09, 0x01, 0x09, 0x00, 0x05, 0x01, 0x41, 0x02, 
0x14, 0x01, 0x41, 0x01, 0x16, 0x01, 0x07, 0x00, 0x15, 0x01, 0x3f, 0x00, 0x17, 0x01, 0x0f, 0x00, 
0x0d, 0x01, 0x2e, 0x00, 0x2d, 0x01, 0x2e, 0x00, 0x80, 0x40, 0x00, 0x00, 0x00, 0x80, 0x04, 0x00, 
0x89, 0x01, 0x0d, 0x00, 0x06, 0x00, 0x01, 0x00, 0x24, 0x40, 0x26, 0x00, 0x80, 0x72, 0x69, 0x58, 
0x00, 0x40, 0x00, 0x00, 0x00, 0x80, 0x04, 0x00, 0x09, 0x01, 0x0d, 0x00, 0x05, 0x01, 0x41, 0x00, 
0x10, 0x40, 0x00, 0x00, 0x00, 0x00, 0x09, 0x00, 0x18, 0x01, 0xbd, 0xff, 0x26, 0x01, 0xbd, 0xff, 
0x8f, 0x01, 0x00, 0x00, 0x80, 0x40, 0x00, 0x00, 0xa0, 0x06, 0x00, 0x00, 0x8b, 0x01, 0x00, 0x00, 
0x8c, 0x01, 0x00, 0x00, 0x8a, 0x01, 0x00, 0x00, 0x86, 0x40, 0x00, 0x00, 0x01, 0x00, 0x00, 0x00, 
0x85, 0x40, 0x00, 0x00, 0x01, 0x00, 0x00, 0x00, 0x84, 0x40, 0x00, 0x00, 0x01, 0x00, 0x00, 0x00, 
0x89, 0x01, 0x7f, 0x00, 0x85, 0x01, 0x01, 0x00, 0x80, 0x01, 0x07, 0x00, 0x06, 0x00, 0x00, 0x00, 
0x24, 0x40, 0x23, 0x00, 0x80, 0x74, 0xa5, 0x56, 0x00, 0x40, 0x00, 0x00, 0x00, 0x00, 0x09, 0x00, 
0x09, 0x01, 0xbd, 0xff, 0x18, 0x01, 0xd1, 0xff, 0x26, 0x01, 0x80, 0xff, 0x80, 0x40, 0x00, 0x00, 
0xb0, 0x06, 0x00, 0x00, 0x85, 0x40, 0x00, 0x00, 0x20, 0x00, 0x00, 0x00, 0x84, 0x40, 0x00, 0x00, 
0x20, 0x00, 0x00, 0x00, 0x89, 0x01, 0xf1, 0xff, 0x80, 0x01, 0x03, 0x00, 0x06, 0x00, 0x00, 0x00, 
0x00, 0x40, 0x00, 0x00, 0x00, 0x80, 0x04, 0x00, 0x09, 0x01, 0x0d, 0x00, 0x10, 0x40, 0x00, 0x00, 
0x00, 0x00, 0x00, 0x00, 0x18, 0x01, 0xc7, 0xff, 0x26, 0x01, 0xc7, 0xff, 0x16, 0x01, 0x01, 0x00, 
0x15, 0x01, 0x3d, 0x00, 0x0d, 0x01, 0x0a, 0x00, 0x2d, 0x01, 0x1e, 0x00, 0x24, 0x40, 0x1e, 0x00, 
0x80, 0x80, 0xe9, 0x66, 0x05, 0x00, 0x01, 0x00, 0x25, 0x40, 0x0c, 0x00, 0xde, 0x54, 0x68, 0x71, 
0x24, 0x40, 0x31, 0x00, 0x00, 0x00, 0x00, 0x40, 0x00, 0x40, 0x00, 0x00, 0x00, 0x00, 0x00, 0x00, 
0x09, 0x01, 0xc7, 0xff, 0x05, 0x01, 0x41, 0x02, 0x26, 0x01, 0x80, 0xff, 0x16, 0x01, 0x07, 0x00, 
0x15, 0x01, 0x3f, 0x00, 0x0d, 0x01, 0x2e, 0x00, 0x2d, 0x01, 0x2e, 0x00, 0x8f, 0x01, 0x01, 0x00, 
0x80, 0x40, 0x00, 0x00, 0x00, 0x00, 0x09, 0x00, 0x8b, 0x01, 0x5f, 0x00, 0x8c, 0x01, 0x5f, 0x00, 
0x8a, 0x01, 0x5f, 0x00, 0x86, 0x40, 0x00, 0x00, 0x00, 0x06, 0x00, 0x00, 0x85, 0x40, 0x00, 0x00, 
0x00, 0x0c, 0x00, 0x00, 0x84, 0x40, 0x00, 0x00, 0x10, 0x00, 0x00, 0x00, 0x89, 0x01, 0xd1, 0xff, 
0x85, 0x01, 0x41, 0x00, 0x80, 0x01, 0x00, 0x00, 0x06, 0x00, 0x01, 0x00, 0x05, 0x01, 0x41, 0x00, 
0x00, 0x01, 0x02, 0x00, 0x01, 0x01, 0x02, 0x00, 0x03, 0x01, 0x02, 0x00, 0x02, 0x01, 0x02, 0x00, 
0x10, 0x40, 0x00, 0x00, 0x00, 0x00, 0x09, 0x00, 0x18, 0x01, 0xf7, 0xff, 0x14, 0x01, 0x41, 0x00, 
0x21, 0x01, 0x04, 0x00, 0x20, 0x01, 0x04, 0x00, 0x20, 0x40, 0x00, 0x00, 0xe0, 0x71, 0x04, 0x00, 
0x21, 0x40, 0x00, 0x00, 0x00, 0x03, 0x00, 0x00, 0x22, 0x40, 0x00, 0x00, 0xa0, 0x70, 0x04, 0x00, 
0x16, 0x01, 0x0b, 0x00, 0x15, 0x01, 0x0b, 0x00, 0x0d, 0x01, 0x0a, 0x00, 0x2d, 0x01, 0x0e, 0x00, 
0x03, 0x00, 0x00, 0x00, 0x00, 0x40, 0x00, 0x00, 0x00, 0x00, 0x09, 0x00, 0x09, 0x01, 0xf7, 0xff, 
0x00, 0x01, 0x00, 0x00, 0x01, 0x01, 0x00, 0x00, 0x03, 0x01, 0x00, 0x00, 0x02, 0x01, 0x00, 0x00, 
0x10, 0x40, 0x00, 0x00, 0x00, 0x80, 0x04, 0x00, 0x18, 0x01, 0xea, 0xff, 0x21, 0x01, 0x00, 0x00, 
0x20, 0x01, 0x00, 0x00, 0x20, 0x40, 0x00, 0x00, 0x20, 0x76, 0x04, 0x00, 0x21, 0x40, 0x00, 0x00, 
0xf0, 0x03, 0x00, 0x00, 0x22, 0x40, 0x00, 0x00, 0xe0, 0x74, 0x04, 0x00, 0x16, 0x01, 0x03, 0x00, 
0x15, 0x01, 0x1f, 0x00, 0x17, 0x01, 0x1f, 0x00, 0x02, 0x00, 0x00, 0x00, 0x25, 0x40, 0x0c, 0x00, 
0xcb, 0x0e, 0x8b, 0x5a, 0x24, 0x40, 0x31, 0x00, 0x28, 0xfc, 0x7c, 0x45, 0x00, 0x40, 0x00, 0x00, 
0x00, 0x00, 0x00, 0x00, 0x09, 0x01, 0xc7, 0xff, 0x05, 0x01, 0x41, 0x01, 0x18, 0x01, 0xf3, 0xff, 
0x14, 0x01, 0x41, 0x01, 0x16, 0x01, 0x07, 0x00, 0x15, 0x01, 0x3f, 0x00, 0x17, 0x01, 0x0f, 0x00, 
0x0d, 0x01, 0x2e, 0x00, 0x2d, 0x01, 0x2e, 0x00, 0x80, 0x40, 0x00, 0x00, 0x00, 0x80, 0x04, 0x00, 
0x89, 0x01, 0xea, 0xff, 0x06, 0x00, 0x01, 0x00, 0x24, 0x40, 0x26, 0x00, 0x80, 0x59, 0xf4, 0x6b, 
0x00, 0x40, 0x00, 0x00, 0x00, 0x80, 0x04, 0x00, 0x09, 0x01, 0xf3, 0xff, 0x05, 0x01, 0x41, 0x00, 
0x10, 0x40, 0x00, 0x00, 0x00, 0x00, 0x09, 0x00, 0x18, 0x01, 0xbe, 0xff, 0x26, 0x01, 0xbe, 0xff, 
0x8f, 0x01, 0x00, 0x00, 0x80, 0x40, 0x00, 0x00, 0x50, 0x09, 0x00, 0x00, 0x8b, 0x01, 0x00, 0x00, 
0x8c, 0x01, 0x00, 0x00, 0x8a, 0x01, 0x00, 0x00, 0x86, 0x40, 0x00, 0x00, 0x01, 0x00, 0x00, 0x00, 
0x85, 0x40, 0x00, 0x00, 0x01, 0x00, 0x00, 0x00, 0x84, 0x40, 0x00, 0x00, 0x01, 0x00, 0x00, 0x00, 
0x89, 0x01, 0x7f, 0x00, 0x85, 0x01, 0x01, 0x00, 0x80, 0x01, 0x07, 0x00, 0x06, 0x00, 0x00, 0x00, 
0x24, 0x40, 0x25, 0x00, 0x00, 0x94, 0x73, 0x63, 0x00, 0x40, 0x00, 0x00, 0x00, 0x00, 0x09, 0x00, 
0x09, 0x01, 0xbe, 0xff, 0x18, 0x01, 0xc3, 0xff, 0x26, 0x01, 0x80, 0xff, 0x80, 0x40, 0x00, 0x00, 
0x60, 0x09, 0x00, 0x00, 0x85, 0x40, 0x00, 0x00, 0x20, 0x00, 0x00, 0x00, 0x84, 0x40, 0x00, 0x00, 
0x20, 0x00, 0x00, 0x00, 0x89, 0x01, 0xeb, 0xff, 0x80, 0x01, 0x03, 0x00, 0x06, 0x00, 0x00, 0x00, 
0x00, 0x40, 0x00, 0x00, 0x00, 0x80, 0x04, 0x00, 0x09, 0x01, 0xf3, 0xff, 0x10, 0x40, 0x00, 0x00, 
0x00, 0x00, 0x00, 0x00, 0x18, 0x01, 0xb5, 0xff, 0x26, 0x01, 0xb5, 0xff, 0x16, 0x01, 0x01, 0x00, 
0x15, 0x01, 0x3d, 0x00, 0x0d, 0x01, 0x0a, 0x00, 0x2d, 0x01, 0x1e, 0x00, 0x24, 0x40, 0x1e, 0x00, 
0x80, 0xe9, 0xfd, 0x5b, 0x05, 0x00, 0x01, 0x00, 0x25, 0x40, 0x0c, 0x00, 0xba, 0x8b, 0x97, 0x66, 
0x24, 0x40, 0x31, 0x00, 0x00, 0x00, 0x00, 0x40, 0x00, 0x40, 0x00, 0x00, 0x00, 0x00, 0x00, 0x00, 
0x09, 0x01, 0xb5, 0xff, 0x05, 0x01, 0x41, 0x02, 0x26, 0x01, 0x80, 0xff, 0x16, 0x01, 0x07, 0x00, 
0x15, 0x01, 0x3f, 0x00, 0x0d, 0x01, 0x2e, 0x00, 0x2d, 0x01, 0x2e, 0x00, 0x8f, 0x01, 0x01, 0x00, 
0x80, 0x40, 0x00, 0x00, 0x00, 0x00, 0x09, 0x00, 0x8b, 0x01, 0x5f, 0x00, 0x8c, 0x01, 0x5f, 0x00, 
0x8a, 0x01, 0x5f, 0x00, 0x86, 0x40, 0x00, 0x00, 0x00, 0x06, 0x00, 0x00, 0x85, 0x40, 0x00, 0x00, 
0x00, 0x0c, 0x00, 0x00, 0x84, 0x40, 0x00, 0x00, 0x10, 0x00, 0x00, 0x00, 0x89, 0x01, 0xc3, 0xff, 
0x85, 0x01, 0x41, 0x00, 0x80, 0x01, 0x00, 0x00, 0x06, 0x00, 0x01, 0x00, 0x05, 0x01, 0x41, 0x00, 
0x00, 0x01, 0x02, 0x00, 0x01, 0x01, 0x02, 0x00, 0x03, 0x01, 0x02, 0x00, 0x02, 0x01, 0x02, 0x00, 
0x10, 0x40, 0x00, 0x00, 0x00, 0x00, 0x09, 0x00, 0x18, 0x01, 0xf4, 0xff, 0x14, 0x01, 0x41, 0x00, 
0x21, 0x01, 0x04, 0x00, 0x20, 0x01, 0x04, 0x00, 0x20, 0x40, 0x00, 0x00, 0x50, 0x7b, 0x04, 0x00, 
0x21, 0x40, 0x00, 0x00, 0x60, 0x03, 0x00, 0x00, 0x22, 0x40, 0x00, 0x00, 0x10, 0x7a, 0x04, 0x00, 
0x16, 0x01, 0x0b, 0x00, 0x15, 0x01, 0x0b, 0x00, 0x0d, 0x01, 0x0a, 0x00, 0x2d, 0x01, 0x0e, 0x00, 
0x03, 0x00, 0x00, 0x00, 0x00, 0x40, 0x00, 0x00, 0x00, 0x00, 0x09, 0x00, 0x09, 0x01, 0xf4, 0xff, 
0x00, 0x01, 0x00, 0x00, 0x01, 0x01, 0x00, 0x00, 0x03, 0x01, 0x00, 0x00, 0x02, 0x01, 0x00, 0x00, 
0x10, 0x40, 0x00, 0x00, 0x00, 0x80, 0x04, 0x00, 0x18, 0x01, 0xfe, 0xff, 0x21, 0x01, 0x00, 0x00, 
0x20, 0x01, 0x00, 0x00, 0x20, 0x40, 0x00, 0x00, 0xf0, 0x7f, 0x04, 0x00, 0x21, 0x40, 0x00, 0x00, 
0xd0, 0x03, 0x00, 0x00, 0x22, 0x40, 0x00, 0x00, 0xb0, 0x7e, 0x04, 0x00, 0x16, 0x01, 0x03, 0x00, 
0x15, 0x01, 0x1f, 0x00, 0x17, 0x01, 0x1f, 0x00, 0x02, 0x00, 0x00, 0x00, 0x25, 0x40, 0x0c, 0x00, 
0x99, 0x83, 0x65, 0x5d, 0x24, 0x40, 0x31, 0x00, 0xd6, 0xcf, 0xb6, 0x40, 0x00, 0x40, 0x00, 0x00, 
0x00, 0x00, 0x00, 0x00, 0x09, 0x01, 0xb5, 0xff, 0x05, 0x01, 0x41, 0x01, 0x18, 0x01, 0xfc, 0xff, 
0x14, 0x01, 0x41, 0x01, 0x16, 0x01, 0x07, 0x00, 0x15, 0x01, 0x3f, 0x00, 0x17, 0x01, 0x0f, 0x00, 
0x0d, 0x01, 0x2e, 0x00, 0x2d, 0x01, 0x2e, 0x00, 0x80, 0x40, 0x00, 0x00, 0x00, 0x80, 0x04, 0x00, 
0x89, 0x01, 0xfe, 0xff, 0x06, 0x00, 0x01, 0x00, 0x24, 0x40, 0x28, 0x00, 0x80, 0x3e, 0x22, 0x7b, 
0x00, 0x40, 0x00, 0x00, 0x00, 0x80, 0x04, 0x00, 0x09, 0x01, 0xfc, 0xff, 0x05, 0x01, 0x41, 0x00, 
0x10, 0x40, 0x00, 0x00, 0x00, 0x00, 0x09, 0x00, 0x18, 0x01, 0x44, 0x00, 0x26, 0x01, 0x44, 0x00, 
0x8f, 0x01, 0x00, 0x00, 0x80, 0x40, 0x00, 0x00, 0x00, 0x0c, 0x00, 0x00, 0x8b, 0x01, 0x00, 0x00, 
0x8c, 0x01, 0x00, 0x00, 0x8a, 0x01, 0x00, 0x00, 0x86, 0x40, 0x00, 0x00, 0x01, 0x00, 0x00, 0x00, 
0x85, 0x40, 0x00, 0x00, 0x01, 0x00, 0x00, 0x00, 0x84, 0x40, 0x00, 0x00, 0x01, 0x00, 0x00, 0x00, 
0x89, 0x01, 0x7f, 0x00, 0x85, 0x01, 0x01, 0x00, 0x80, 0x01, 0x07, 0x00, 0x06, 0x00, 0x00, 0x00, 
0x24, 0x40, 0x23, 0x00, 0x80, 0x00, 0x63, 0x57, 0x00, 0x40, 0x00, 0x00, 0x00, 0x00, 0x09, 0x00, 
0x09, 0x01, 0x44, 0x00, 0x18, 0x01, 0x62, 0x00, 0x26, 0x01, 0x80, 0xff, 0x80, 0x40, 0x00, 0x00, 
0x10, 0x0c, 0x00, 0x00, 0x85, 0x40, 0x00, 0x00, 0x20, 0x00, 0x00, 0x00, 0x84, 0x40, 0x00, 0x00, 
0x20, 0x00, 0x00, 0x00, 0x89, 0x01, 0x5d, 0x00, 0x80, 0x01, 0x03, 0x00, 0x06, 0x00, 0x00, 0x00, 
0x00, 0x40, 0x00, 0x00, 0x00, 0x80, 0x04, 0x00, 0x09, 0x01, 0xfc, 0xff, 0x10, 0x40, 0x00, 0x00, 
0x00, 0x00, 0x00, 0x00, 0x18, 0x01, 0x41, 0x00, 0x26, 0x01, 0x41, 0x00, 0x16, 0x01, 0x01, 0x00, 
0x15, 0x01, 0x3d, 0x00, 0x0d, 0x01, 0x0a, 0x00, 0x2d, 0x01, 0x1e, 0x00, 0x24, 0x40, 0x20, 0x00, 
0x00, 0xef, 0x15, 0x79, 0x05, 0x00, 0x01, 0x00, 0x25, 0x40, 0x0c, 0x00, 0x2b, 0xbb, 0x3d, 0x6d, 
0x24, 0x40, 0x31, 0x00, 0x00, 0x00, 0x00, 0x40, 0x00, 0x40, 0x00, 0x00, 0x00, 0x00, 0x00, 0x00, 
0x09, 0x01, 0x41, 0x00, 0x05, 0x01, 0x41, 0x02, 0x26, 0x01, 0x80, 0xff, 0x16, 0x01, 0x07, 0x00, 
0x15, 0x01, 0x3f, 0x00, 0x0d, 0x01, 0x2e, 0x00, 0x2d, 0x01, 0x2e, 0x00, 0x8f, 0x01, 0x01, 0x00, 
0x80, 0x40, 0x00, 0x00, 0x00, 0x00, 0x09, 0x00, 0x8b, 0x01, 0x5f, 0x00, 0x8c, 0x01, 0x5f, 0x00, 
0x8a, 0x01, 0x5f, 0x00, 0x86, 0x40, 0x00, 0x00, 0x00, 0x06, 0x00, 0x00, 0x85, 0x40, 0x00, 0x00, 
0x00, 0x0c, 0x00, 0x00, 0x84, 0x40, 0x00, 0x00, 0x10, 0x00, 0x00, 0x00, 0x89, 0x01, 0x62, 0x00, 
0x85, 0x01, 0x41, 0x00, 0x80, 0x01, 0x00, 0x00, 0x06, 0x00, 0x01, 0x00, 0x05, 0x01, 0x41, 0x00, 
0x00, 0x01, 0x01, 0x00, 0x01, 0x01, 0x01, 0x00, 0x03, 0x01, 0x02, 0x00, 0x02, 0x01, 0x02, 0x00, 
0x10, 0x40, 0x00, 0x00, 0x00, 0xc0, 0x06, 0x00, 0x1b, 0x01, 0x2f, 0x00, 0x1c, 0x01, 0x2f, 0x00, 
0x1a, 0x01, 0x2f, 0x00, 0x12, 0x01, 0x2f, 0x00, 0x11, 0x01, 0x2f, 0x00, 0x16, 0x40, 0x00, 0x00, 
0x00, 0x03, 0x00, 0x00, 0x15, 0x40, 0x00, 0x00, 0x00, 0x06, 0x00, 0x00, 0x18, 0x01, 0xf2, 0xff, 
0x14, 0x01, 0x41, 0x00, 0x21, 0x01, 0x04, 0x00, 0x20, 0x01, 0x04, 0x00, 0x22, 0x01, 0x03, 0x00, 
0x20, 0x40, 0x00, 0x00, 0x00, 0x85, 0x04, 0x00, 0x21, 0x40, 0x00, 0x00, 0x70, 0x03, 0x00, 0x00, 
0x22, 0x40, 0x00, 0x00, 0xc0, 0x83, 0x04, 0x00, 0x16, 0x01, 0x09, 0x00, 0x15, 0x01, 0x0b, 0x00, 
0x0d, 0x01, 0x1a, 0x00, 0x2d, 0x01, 0x1e, 0x00, 0x03, 0x00, 0x00, 0x00, 0x00, 0x40, 0x00, 0x00, 
0x00, 0xc0, 0x06, 0x00, 0x0b, 0x01, 0x2f, 0x00, 0x0c, 0x01, 0x2f, 0x00, 0x0a, 0x01, 0x2f, 0x00, 
0x06, 0x40, 0x00, 0x00, 0x00, 0x03, 0x00, 0x00, 0x05, 0x40, 0x00, 0x00, 0x00, 0x06, 0x00, 0x00, 
0x09, 0x01, 0xf2, 0xff, 0x00, 0x01, 0x00, 0x00, 0x01, 0x01, 0x00, 0x00, 0x03, 0x01, 0x00, 0x00, 
0x02, 0x01, 0x00, 0x00, 0x10, 0x40, 0x00, 0x00, 0x00, 0x80, 0x04, 0x00, 0x13, 0x01, 0x3f, 0x00, 
0x15, 0x40, 0x00, 0x00, 0x00, 0x0c, 0x00, 0x00, 0x18, 0x01, 0x1c, 0x00, 0x21, 0x01, 0x00, 0x00, 
0x20, 0x01, 0x00, 0x00, 0x22, 0x01, 0x00, 0x00, 0x20, 0x40, 0x00, 0x00, 0xf0, 0x8a, 0x04, 0x00, 
0x21, 0x40, 0x00, 0x00, 0xc0, 0x07, 0x00, 0x00, 0x22, 0x40, 0x00, 0x00, 0x70, 0x88, 0x04, 0x00, 
0x23, 0x40, 0x00, 0x00, 0x80, 0x02, 0x00, 0x00, 0x16, 0x01, 0x03, 0x00, 0x15, 0x01, 0x0f, 0x00, 
0x17, 0x01, 0x3f, 0x00, 0x0d, 0x01, 0x0a, 0x00, 0x2d, 0x01, 0x0e, 0x00, 0x02, 0x00, 0x00, 0x00, 
0x00, 0x40, 0x00, 0x00, 0x00, 0x00, 0x00, 0x00, 0x0b, 0x01, 0x5f, 0x00, 0x0c, 0x01, 0x5f, 0x00, 
0x0a, 0x01, 0x5f, 0x00, 0x06, 0x40, 0x00, 0x00, 0x00, 0x06, 0x00, 0x00, 0x05, 0x40, 0x00, 0x00, 
0x00, 0x0c, 0x00, 0x00, 0x09, 0x01, 0x41, 0x00, 0x10, 0x40, 0x00, 0x00, 0x00, 0xc0, 0x06, 0x00, 
0x13, 0x01, 0x1f, 0x00, 0x15, 0x40, 0x00, 0x00, 0x00, 0x06, 0x00, 0x00, 0x18, 0x01, 0x41, 0x00, 
0x21, 0x01, 0x01, 0x00, 0x20, 0x01, 0x01, 0x00, 0x22, 0x01, 0x03, 0x00, 0x15, 0x01, 0x03, 0x00, 
0x17, 0x01, 0x1f, 0x00, 0x2d, 0x01, 0x1e, 0x00, 0x05, 0x00, 0x00, 0x00, 0x00, 0x40, 0x00, 0x00, 
0x00, 0xc0, 0x06, 0x00, 0x0b, 0x01, 0x2f, 0x00, 0x0c, 0x01, 0x2f, 0x00, 0x0a, 0x01, 0x2f, 0x00, 
0x06, 0x40, 0x00, 0x00, 0x00, 0x03, 0x00, 0x00, 0x05, 0x40, 0x00, 0x00, 0x00, 0x06, 0x00, 0x00, 
0x10, 0x40, 0x00, 0x00, 0x00, 0x00, 0x00, 0x00, 0x15, 0x40, 0x00, 0x00, 0x00, 0x0c, 0x00, 0x00, 
0x14, 0x01, 0x41, 0x81, 0x21, 0x01, 0x00, 0x00, 0x20, 0x01, 0x00, 0x00, 0x22, 0x01, 0x00, 0x00, 
0x16, 0x01, 0x09, 0x00, 0x15, 0x01, 0x15, 0x00, 0x17, 0x01, 0x0f, 0x00, 0x2d, 0x01, 0x0e, 0x00, 
0x24, 0x40, 0x1f, 0x00, 0x01, 0x00, 0x00, 0x80, 0x05, 0x00, 0x01, 0x00, 0x0f, 0x01, 0x00, 0x00, 
0x00, 0x40, 0x00, 0x00, 0xf0, 0x0f, 0x00, 0x00, 0x06, 0x40, 0x00, 0x00, 0x01, 0x00, 0x00, 0x00, 
0x04, 0x40, 0x00, 0x00, 0x20, 0x00, 0x00, 0x00, 0x05, 0x01, 0x01, 0x00, 0x10, 0x40, 0x00, 0x00, 
0x00, 0x06, 0x00, 0x00, 0x05, 0x00, 0x01, 0x00, 0x25, 0x40, 0x0e, 0x00, 0x88, 0x0b, 0xf2, 0x79, 
0x24, 0x40, 0x30, 0x00, 0xff, 0x07, 0x16, 0x4e, 0x0f, 0x01, 0x01, 0x00, 0x00, 0x40, 0x00, 0x00, 
0x00, 0x00, 0x00, 0x00, 0x04, 0x01, 0x3f, 0x00, 0x06, 0x40, 0x00, 0x00, 0x00, 0x03, 0x00, 0x00, 
0x05, 0x40, 0x00, 0x00, 0x00, 0x0c, 0x00, 0x00, 0x04, 0x40, 0x00, 0x00, 0x10, 0x00, 0x00, 0x00, 
0x05, 0x01, 0x41, 0x02, 0x10, 0x40, 0x00, 0x00, 0x00, 0x00, 0x00, 0x00, 0x13, 0x01, 0x3f, 0x00, 
0x18, 0x01, 0xd3, 0xff, 0x14, 0x01, 0x41, 0x01, 0x16, 0x01, 0x0f, 0x00, 0x15, 0x01, 0x1f, 0x00, 
0x0d, 0x01, 0x2e, 0x00, 0x2d, 0x01, 0x2e, 0x00, 0x80, 0x40, 0x00, 0x00, 0x00, 0x80, 0x04, 0x00, 
0x8b, 0x01, 0x2f, 0x00, 0x8c, 0x01, 0x2f, 0x00, 0x8a, 0x01, 0x2f, 0x00, 0x86, 0x40, 0x00, 0x00, 
0x00, 0x03, 0x00, 0x00, 0x89, 0x01, 0x1c, 0x00, 0x06, 0x00, 0x01, 0x00, 0x24, 0x40, 0x26, 0x00, 
0x80, 0x2a, 0x33, 0x54, 0x09, 0x01, 0xd3, 0xff, 0x05, 0x01, 0x41, 0x00, 0x10, 0x40, 0x00, 0x00, 
0x00, 0x80, 0x04, 0x00, 0x18, 0x01, 0x13, 0x00, 0x26, 0x01, 0x13, 0x00, 0x8f, 0x01, 0x00, 0x00, 
0x80, 0x40, 0x00, 0x00, 0xf0, 0x2f, 0x01, 0x00, 0x8b, 0x01, 0x00, 0x00, 0x8c, 0x01, 0x00, 0x00, 
0x8a, 0x01, 0x00, 0x00, 0x86, 0x40, 0x00, 0x00, 0x01, 0x00, 0x00, 0x00, 0x85, 0x40, 0x00, 0x00, 
0x01, 0x00, 0x00, 0x00, 0x84, 0x40, 0x00, 0x00, 0x01, 0x00, 0x00, 0x00, 0x89, 0x01, 0x7f, 0x00, 
0x85, 0x01, 0x01, 0x00, 0x80, 0x01, 0x07, 0x00, 0x06, 0x00, 0x00, 0x00, 0x24, 0x40, 0x24, 0x00, 
0x00, 0x3c, 0x0b, 0x6b, 0x00, 0x40, 0x00, 0x00, 0x00, 0x80, 0x04, 0x00, 0x09, 0x01, 0x13, 0x00, 
0x18, 0x01, 0x46, 0x00, 0x26, 0x01, 0x80, 0xff, 0x80, 0x40, 0x00, 0x00, 0x00, 0x30, 0x01, 0x00, 
0x85, 0x40, 0x00, 0x00, 0x40, 0x00, 0x00, 0x00, 0x84, 0x40, 0x00, 0x00, 0x40, 0x00, 0x00, 0x00, 
0x89, 0x01, 0x34, 0x00, 0x80, 0x01, 0x03, 0x00, 0x06, 0x00, 0x00, 0x00, 0x00, 0x40, 0x00, 0x00, 
0x00, 0x00, 0x00, 0x00, 0x09, 0x01, 0xd3, 0xff, 0x10, 0x40, 0x00, 0x00, 0x00, 0x40, 0x02, 0x00, 
0x18, 0x01, 0xe4, 0xff, 0x26, 0x01, 0xe4, 0xff, 0x16, 0x01, 0x09, 0x00, 0x15, 0x01, 0x15, 0x00, 
0x0d, 0x01, 0x0a, 0x00, 0x2d, 0x01, 0x0e, 0x00, 0x24, 0x40, 0x1f, 0x00, 0x00, 0xa5, 0xd8, 0x72, 
0x05, 0x00, 0x01, 0x00, 0x25, 0x40, 0x0c, 0x00, 0x60, 0x24, 0x0f, 0x41, 0x24, 0x40, 0x31, 0x00, 
0x00, 0x00, 0x00, 0x40, 0x00, 0x40, 0x00, 0x00, 0x00, 0x40, 0x02, 0x00, 0x09, 0x01, 0xe4, 0xff, 
0x05, 0x01, 0x41, 0x02, 0x26, 0x01, 0x80, 0xff, 0x16, 0x01, 0x0f, 0x00, 0x15, 0x01, 0x1f, 0x00, 
0x0d, 0x01, 0x2e, 0x00, 0x2d, 0x01, 0x2e, 0x00, 0x8f, 0x01, 0x01, 0x00, 0x80, 0x40, 0x00, 0x00, 
0x00, 0x80, 0x04, 0x00, 0x8b, 0x01, 0x2f, 0x00, 0x8c, 0x01, 0x2f, 0x00, 0x8a, 0x01, 0x2f, 0x00, 
0x86, 0x40, 0x00, 0x00, 0x00, 0x03, 0x00, 0x00, 0x85, 0x40, 0x00, 0x00, 0x00, 0x0c, 0x00, 0x00, 
0x84, 0x40, 0x00, 0x00, 0x10, 0x00, 0x00, 0x00, 0x89, 0x01, 0x46, 0x00, 0x85, 0x01, 0x41, 0x00, 
0x80, 0x01, 0x00, 0x00, 0x06, 0x00, 0x01, 0x00, 0x05, 0x01, 0x41, 0x00, 0x00, 0x01, 0x02, 0x00, 
0x01, 0x01, 0x02, 0x00, 0x03, 0x01, 0x02, 0x00, 0x02, 0x01, 0x02, 0x00, 0x10, 0x40, 0x00, 0x00, 
0x00, 0x80, 0x04, 0x00, 0x18, 0x01, 0xce, 0xff, 0x14, 0x01, 0x41, 0x00, 0x21, 0x01, 0x04, 0x00, 
0x20, 0x01, 0x04, 0x00, 0x20, 0x40, 0x00, 0x00, 0x30, 0x95, 0x04, 0x00, 0x21, 0x40, 0x00, 0x00, 
0x40, 0x06, 0x00, 0x00, 0x22, 0x40, 0x00, 0x00, 0xb0, 0x92, 0x04, 0x00, 0x16, 0x01, 0x0b, 0x00, 
0x15, 0x01, 0x0b, 0x00, 0x0d, 0x01, 0x0a, 0x00, 0x2d, 0x01, 0x0e, 0x00, 0x03, 0x00, 0x00, 0x00, 
0x00, 0x40, 0x00, 0x00, 0x00, 0x80, 0x04, 0x00, 0x09, 0x01, 0xce, 0xff, 0x00, 0x01, 0x00, 0x00, 
0x01, 0x01, 0x00, 0x00, 0x03, 0x01, 0x00, 0x00, 0x02, 0x01, 0x00, 0x00, 0x10, 0x40, 0x00, 0x00, 
0x00, 0x00, 0x00, 0x00, 0x18, 0x01, 0x00, 0x00, 0x21, 0x01, 0x00, 0x00, 0x20, 0x01, 0x00, 0x00, 
0x20, 0x40, 0x00, 0x00, 0xf0, 0x9d, 0x04, 0x00, 0x21, 0x40, 0x00, 0x00, 0x70, 0x0e, 0x00, 0x00, 
0x22, 0x40, 0x00, 0x00, 0x70, 0x9b, 0x04, 0x00, 0x16, 0x01, 0x03, 0x00, 0x15, 0x01, 0x0f, 0x00, 
0x17, 0x01, 0x3f, 0x00, 0x02, 0x00, 0x00, 0x00, 0x25, 0x40, 0x0c, 0x00, 0xc5, 0x21, 0x53, 0x63, 
0x24, 0x40, 0x31, 0x00, 0x4b, 0xdd, 0x57, 0x56, 0x00, 0x40, 0x00, 0x00, 0x00, 0x40, 0x02, 0x00, 
0x09, 0x01, 0xe4, 0xff, 0x05, 0x01, 0x41, 0x02, 0x18, 0x01, 0xfa, 0xff, 0x14, 0x01, 0x41, 0x01, 
0x16, 0x01, 0x0f, 0x00, 0x15, 0x01, 0x1f, 0x00, 0x17, 0x01, 0x0f, 0x00, 0x0d, 0x01, 0x2e, 0x00, 
0x2d, 0x01, 0x2e, 0x00, 0x80, 0x40, 0x00, 0x00, 0x00, 0x00, 0x00, 0x00, 0x89, 0x01, 0x00, 0x00, 
0x06, 0x00, 0x01, 0x00, 0x24, 0x40, 0x26, 0x00, 0x00, 0x07, 0xd2, 0x4e, 0x00, 0x40, 0x00, 0x00, 
0x00, 0x00, 0x00, 0x00, 0x09, 0x01, 0xfa, 0xff, 0x05, 0x01, 0x41, 0x00, 0x10, 0x40, 0x00, 0x00, 
0x00, 0x80, 0x04, 0x00, 0x18, 0x01, 0xe9, 0xff, 0x26, 0x01, 0xe9, 0xff, 0x8f, 0x01, 0x00, 0x00, 
0x80, 0x40, 0x00, 0x00, 0x40, 0x35, 0x01, 0x00, 0x8b, 0x01, 0x00, 0x00, 0x8c, 0x01, 0x00, 0x00, 
0x8a, 0x01, 0x00, 0x00, 0x86, 0x40, 0x00, 0x00, 0x01, 0x00, 0x00, 0x00, 0x85, 0x40, 0x00, 0x00, 
0x01, 0x00, 0x00, 0x00, 0x84, 0x40, 0x00, 0x00, 0x01, 0x00, 0x00, 0x00, 0x89, 0x01, 0x7f, 0x00, 
0x85, 0x01, 0x01, 0x00, 0x80, 0x01, 0x07, 0x00, 0x06, 0x00, 0x00, 0x00, 0x24, 0x40, 0x24, 0x00, 
0x00, 0xfa, 0x97, 0x70, 0x00, 0x40, 0x00, 0x00, 0x00, 0x80, 0x04, 0x00, 0x09, 0x01, 0xe9, 0xff, 
0x18, 0x01, 0x26, 0x00, 0x26, 0x01, 0x80, 0xff, 0x80, 0x40, 0x00, 0x00, 0x50, 0x35, 0x01, 0x00, 
0x85, 0x40, 0x00, 0x00, 0x40, 0x00, 0x00, 0x00, 0x84, 0x40, 0x00, 0x00, 0x40, 0x00, 0x00, 0x00, 
0x89, 0x01, 0x4c, 0x00, 0x80, 0x01, 0x03, 0x00, 0x06, 0x00, 0x00, 0x00, 0x00, 0x40, 0x00, 0x00, 
0x00, 0x00, 0x00, 0x00, 0x09, 0x01, 0xfa, 0xff, 0x10, 0x40, 0x00, 0x00, 0x00, 0x40, 0x02, 0x00, 
0x18, 0x01, 0xe4, 0xff, 0x26, 0x01, 0xe4, 0xff, 0x16, 0x01, 0x09, 0x00, 0x15, 0x01, 0x15, 0x00, 
0x0d, 0x01, 0x0a, 0x00, 0x2d, 0x01, 0x0e, 0x00, 0x24, 0x40, 0x1e, 0x00, 0x80, 0x8f, 0x86, 0x4a, 
0x05, 0x00, 0x01, 0x00, 0x25, 0x40, 0x0c, 0x00, 0x45, 0xaf, 0x38, 0x4d, 0x24, 0x40, 0x31, 0x00, 
0x00, 0x00, 0x00, 0x40, 0x00, 0x40, 0x00, 0x00, 0x00, 0x40, 0x02, 0x00, 0x09, 0x01, 0xe4, 0xff, 
0x05, 0x01, 0x41, 0x02, 0x26, 0x01, 0x80, 0xff, 0x16, 0x01, 0x0f, 0x00, 0x15, 0x01, 0x1f, 0x00, 
0x0d, 0x01, 0x2e, 0x00, 0x2d, 0x01, 0x2e, 0x00, 0x8f, 0x01, 0x01, 0x00, 0x80, 0x40, 0x00, 0x00, 
0x00, 0x80, 0x04, 0x00, 0x8b, 0x01, 0x2f, 0x00, 0x8c, 0x01, 0x2f, 0x00, 0x8a, 0x01, 0x2f, 0x00, 
0x86, 0x40, 0x00, 0x00, 0x00, 0x03, 0x00, 0x00, 0x85, 0x40, 0x00, 0x00, 0x00, 0x0c, 0x00, 0x00, 
0x84, 0x40, 0x00, 0x00, 0x10, 0x00, 0x00, 0x00, 0x89, 0x01, 0x26, 0x00, 0x85, 0x01, 0x41, 0x00, 
0x80, 0x01, 0x00, 0x00, 0x06, 0x00, 0x01, 0x00, 0x05, 0x01, 0x41, 0x00, 0x00, 0x01, 0x02, 0x00, 
0x01, 0x01, 0x02, 0x00, 0x03, 0x01, 0x02, 0x00, 0x02, 0x01, 0x02, 0x00, 0x10, 0x40, 0x00, 0x00, 
0x00, 0x80, 0x04, 0x00, 0x18, 0x01, 0xf6, 0xff, 0x14, 0x01, 0x41, 0x00, 0x21, 0x01, 0x04, 0x00, 
0x20, 0x01, 0x04, 0x00, 0x20, 0x40, 0x00, 0x00, 0xe0, 0xae, 0x04, 0x00, 0x21, 0x40, 0x00, 0x00, 
0xf0, 0x06, 0x00, 0x00, 0x22, 0x40, 0x00, 0x00, 0x60, 0xac, 0x04, 0x00, 0x16, 0x01, 0x0b, 0x00, 
0x15, 0x01, 0x0b, 0x00, 0x0d, 0x01, 0x0a, 0x00, 0x2d, 0x01, 0x0e, 0x00, 0x03, 0x00, 0x00, 0x00, 
0x00, 0x40, 0x00, 0x00, 0x00, 0x80, 0x04, 0x00, 0x09, 0x01, 0xf6, 0xff, 0x00, 0x01, 0x00, 0x00, 
0x01, 0x01, 0x00, 0x00, 0x03, 0x01, 0x00, 0x00, 0x02, 0x01, 0x00, 0x00, 0x10, 0x40, 0x00, 0x00, 
0x00, 0x00, 0x00, 0x00, 0x18, 0x01, 0xfc, 0xff, 0x21, 0x01, 0x00, 0x00, 0x20, 0x01, 0x00, 0x00, 
0x20, 0x40, 0x00, 0x00, 0x50, 0xb8, 0x04, 0x00, 0x21, 0x40, 0x00, 0x00, 0xb0, 0x0e, 0x00, 0x00, 
0x22, 0x40, 0x00, 0x00, 0xd0, 0xb5, 0x04, 0x00, 0x16, 0x01, 0x03, 0x00, 0x15, 0x01, 0x0f, 0x00, 
0x17, 0x01, 0x3f, 0x00, 0x02, 0x00, 0x00, 0x00, 0x25, 0x40, 0x0c, 0x00, 0x32, 0x6b, 0xd7, 0x6e, 
0x00, 0x40, 0x00, 0x00, 0x00, 0x40, 0x02, 0x00, 0x09, 0x01, 0xe4, 0xff, 0x05, 0x01, 0x41, 0x01, 
0x14, 0x01, 0x41, 0x01, 0x16, 0x01, 0x0f, 0x00, 0x15, 0x01, 0x1f, 0x00, 0x17, 0x01, 0x0f, 0x00, 
0x0d, 0x01, 0x2e, 0x00, 0x2d, 0x01, 0x2e, 0x00, 0x80, 0x40, 0x00, 0x00, 0x00, 0x00, 0x00, 0x00, 
0x89, 0x01, 0xfc, 0xff, 0x06, 0x00, 0x01, 0x00, 0x24, 0x40, 0x26, 0x00, 0x00, 0x5f, 0x81, 0x4b, 
0x00, 0x40, 0x00, 0x00, 0x00, 0x00, 0x00, 0x00, 0x09, 0x01, 0xfc, 0xff, 0x05, 0x01, 0x41, 0x00, 
0x10, 0x40, 0x00, 0x00, 0x00, 0x80, 0x04, 0x00, 0x18, 0x01, 0xed, 0xff, 0x26, 0x01, 0xed, 0xff, 
0x8f, 0x01, 0x00, 0x00, 0x80, 0x40, 0x00, 0x00, 0x90, 0x3a, 0x01, 0x00, 0x8b, 0x01, 0x00, 0x00, 
0x8c, 0x01, 0x00, 0x00, 0x8a, 0x01, 0x00, 0x00, 0x86, 0x40, 0x00, 0x00, 0x01, 0x00, 0x00, 0x00, 
0x85, 0x40, 0x00, 0x00, 0x01, 0x00, 0x00, 0x00, 0x84, 0x40, 0x00, 0x00, 0x01, 0x00, 0x00, 0x00, 
0x89, 0x01, 0x7f, 0x00, 0x85, 0x01, 0x01, 0x00, 0x80, 0x01, 0x07, 0x00, 0x06, 0x00, 0x00, 0x00, 
0x24, 0x40, 0x24, 0x00, 0x00, 0x41, 0xec, 0x5b, 0x00, 0x40, 0x00, 0x00, 0x00, 0x80, 0x04, 0x00, 
0x09, 0x01, 0xed, 0xff, 0x18, 0x01, 0x1f, 0x00, 0x26, 0x01, 0x80, 0xff, 0x80, 0x40, 0x00, 0x00, 
0xa0, 0x3a, 0x01, 0x00, 0x85, 0x40, 0x00, 0x00, 0x40, 0x00, 0x00, 0x00, 0x84, 0x40, 0x00, 0x00, 
0x40, 0x00, 0x00, 0x00, 0x89, 0x01, 0x1c, 0x00, 0x80, 0x01, 0x03, 0x00, 0x06, 0x00, 0x00, 0x00, 
0x00, 0x40, 0x00, 0x00, 0x00, 0x00, 0x00, 0x00, 0x09, 0x01, 0xfc, 0xff, 0x10, 0x40, 0x00, 0x00, 
0x00, 0x40, 0x02, 0x00, 0x18, 0x01, 0xea, 0xff, 0x26, 0x01, 0xea, 0xff, 0x16, 0x01, 0x09, 0x00, 
0x15, 0x01, 0x15, 0x00, 0x0d, 0x01, 0x0a, 0x00, 0x2d, 0x01, 0x0e, 0x00, 0x24, 0x40, 0x1e, 0x00, 
0x80, 0x17, 0x19, 0x49, 0x05, 0x00, 0x01, 0x00, 0x25, 0x40, 0x0c, 0x00, 0x2c, 0x04, 0xfb, 0x54, 
0x24, 0x40, 0x31, 0x00, 0x00, 0x00, 0x00, 0x40, 0x00, 0x40, 0x00, 0x00, 0x00, 0x40, 0x02, 0x00, 
0x09, 0x01, 0xea, 0xff, 0x05, 0x01, 0x41, 0x02, 0x26, 0x01, 0x80, 0xff, 0x16, 0x01, 0x0f, 0x00, 
0x15, 0x01, 0x1f, 0x00, 0x0d, 0x01, 0x2e, 0x00, 0x2d, 0x01, 0x2e, 0x00, 0x8f, 0x01, 0x01, 0x00, 
0x80, 0x40, 0x00, 0x00, 0x00, 0x80, 0x04, 0x00, 0x8b, 0x01, 0x2f, 0x00, 0x8c, 0x01, 0x2f, 0x00, 
0x8a, 0x01, 0x2f, 0x00, 0x86, 0x40, 0x00, 0x00, 0x00, 0x03, 0x00, 0x00, 0x85, 0x40, 0x00, 0x00, 
0x00, 0x0c, 0x00, 0x00, 0x84, 0x40, 0x00, 0x00, 0x10, 0x00, 0x00, 0x00, 0x89, 0x01, 0x1f, 0x00, 
0x85, 0x01, 0x41, 0x00, 0x80, 0x01, 0x00, 0x00, 0x06, 0x00, 0x01, 0x00, 0x05, 0x01, 0x41, 0x00, 
0x00, 0x01, 0x02, 0x00, 0x01, 0x01, 0x02, 0x00, 0x03, 0x01, 0x02, 0x00, 0x02, 0x01, 0x02, 0x00, 
0x10, 0x40, 0x00, 0x00, 0x00, 0x80, 0x04, 0x00, 0x18, 0x01, 0xf1, 0xff, 0x14, 0x01, 0x41, 0x00, 
0x21, 0x01, 0x04, 0x00, 0x20, 0x01, 0x04, 0x00, 0x20, 0x40, 0x00, 0x00, 0x80, 0xc9, 0x04, 0x00, 
0x21, 0x40, 0x00, 0x00, 0xd0, 0x06, 0x00, 0x00, 0x22, 0x40, 0x00, 0x00, 0x00, 0xc7, 0x04, 0x00, 
0x16, 0x01, 0x0b, 0x00, 0x15, 0x01, 0x0b, 0x00, 0x0d, 0x01, 0x0a, 0x00, 0x2d, 0x01, 0x0e, 0x00, 
0x03, 0x00, 0x00, 0x00, 0x00, 0x40, 0x00, 0x00, 0x00, 0x80, 0x04, 0x00, 0x09, 0x01, 0xf1, 0xff, 
0x00, 0x01, 0x00, 0x00, 0x01, 0x01, 0x00, 0x00, 0x03, 0x01, 0x00, 0x00, 0x02, 0x01, 0x00, 0x00, 
0x10, 0x40, 0x00, 0x00, 0x00, 0x00, 0x00, 0x00, 0x18, 0x01, 0xff, 0xff, 0x21, 0x01, 0x00, 0x00, 
0x20, 0x01, 0x00, 0x00, 0x20, 0x40, 0x00, 0x00, 0xd0, 0xd2, 0x04, 0x00, 0x21, 0x40, 0x00, 0x00, 
0xc0, 0x0e, 0x00, 0x00, 0x22, 0x40, 0x00, 0x00, 0x50, 0xd0, 0x04, 0x00, 0x16, 0x01, 0x03, 0x00, 
0x15, 0x01, 0x0f, 0x00, 0x17, 0x01, 0x3f, 0x00, 0x02, 0x00, 0x00, 0x00, 0x25, 0x40, 0x0c, 0x00, 
0x06, 0xee, 0xa6, 0x70, 0x24, 0x40, 0x31, 0x00, 0x72, 0xe0, 0x15, 0x42, 0x00, 0x40, 0x00, 0x00, 
0x00, 0x40, 0x02, 0x00, 0x09, 0x01, 0xea, 0xff, 0x05, 0x01, 0x41, 0x01, 0x18, 0x01, 0xfb, 0xff, 
0x14, 0x01, 0x41, 0x01, 0x16, 0x01, 0x0f, 0x00, 0x15, 0x01, 0x1f, 0x00, 0x17, 0x01, 0x0f, 0x00, 
0x0d, 0x01, 0x2e, 0x00, 0x2d, 0x01, 0x2e, 0x00, 0x80, 0x40, 0x00, 0x00, 0x00, 0x00, 0x00, 0x00, 
0x89, 0x01, 0xff, 0xff, 0x06, 0x00, 0x01, 0x00, 0x24, 0x40, 0x26, 0x00, 0x80, 0xa8, 0x6a, 0x4f, 
0x00, 0x40, 0x00, 0x00, 0x00, 0x00, 0x00, 0x00, 0x09, 0x01, 0xfb, 0xff, 0x05, 0x01, 0x41, 0x00, 
0x10, 0x40, 0x00, 0x00, 0x00, 0x80, 0x04, 0x00, 0x18, 0x01, 0xe7, 0xff, 0x26, 0x01, 0xe7, 0xff, 
0x8f, 0x01, 0x00, 0x00, 0x80, 0x40, 0x00, 0x00, 0xe0, 0x3f, 0x01, 0x00, 0x8b, 0x01, 0x00, 0x00, 
0x8c, 0x01, 0x00, 0x00, 0x8a, 0x01, 0x00, 0x00, 0x86, 0x40, 0x00, 0x00, 0x01, 0x00, 0x00, 0x00, 
0x85, 0x40, 0x00, 0x00, 0x01, 0x00, 0x00, 0x00, 0x84, 0x40, 0x00, 0x00, 0x01, 0x00, 0x00, 0x00, 
0x89, 0x01, 0x7f, 0x00, 0x85, 0x01, 0x01, 0x00, 0x80, 0x01, 0x07, 0x00, 0x06, 0x00, 0x00, 0x00, 
0x24, 0x40, 0x24, 0x00, 0x80, 0x93, 0xc9, 0x7f, 0x00, 0x40, 0x00, 0x00, 0x00, 0x80, 0x04, 0x00, 
0x09, 0x01, 0xe7, 0xff, 0x18, 0x01, 0x2e, 0x00, 0x26, 0x01, 0x80, 0xff, 0x80, 0x40, 0x00, 0x00, 
0xf0, 0x3f, 0x01, 0x00, 0x85, 0x40, 0x00, 0x00, 0x40, 0x00, 0x00, 0x00, 0x84, 0x40, 0x00, 0x00, 
0x40, 0x00, 0x00, 0x00, 0x89, 0x01, 0x52, 0x00, 0x80, 0x01, 0x03, 0x00, 0x06, 0x00, 0x00, 0x00, 
0x00, 0x40, 0x00, 0x00, 0x00, 0x00, 0x00, 0x00, 0x09, 0x01, 0xfb, 0xff, 0x10, 0x40, 0x00, 0x00, 
0x00, 0x40, 0x02, 0x00, 0x18, 0x01, 0xe3, 0xff, 0x26, 0x01, 0xe3, 0xff, 0x16, 0x01, 0x09, 0x00, 
0x15, 0x01, 0x15, 0x00, 0x0d, 0x01, 0x0a, 0x00, 0x2d, 0x01, 0x0e, 0x00, 0x24, 0x40, 0x1e, 0x00, 
0x80, 0x78, 0x07, 0x4c, 0x05, 0x00, 0x01, 0x00, 0x25, 0x40, 0x0c, 0x00, 0xa2, 0x71, 0x78, 0x48, 
0x24, 0x40, 0x31, 0x00, 0x00, 0x00, 0x00, 0x40, 0x00, 0x40, 0x00, 0x00, 0x00, 0x40, 0x02, 0x00, 
0x09, 0x01, 0xe3, 0xff, 0x05, 0x01, 0x41, 0x02, 0x26, 0x01, 0x80, 0xff, 0x16, 0x01, 0x0f, 0x00, 
0x15, 0x01, 0x1f, 0x00, 0x0d, 0x01, 0x2e, 0x00, 0x2d, 0x01, 0x2e, 0x00, 0x8f, 0x01, 0x01, 0x00, 
0x80, 0x40, 0x00, 0x00, 0x00, 0x80, 0x04, 0x00, 0x8b, 0x01, 0x2f, 0x00, 0x8c, 0x01, 0x2f, 0x00, 
0x8a, 0x01, 0x2f, 0x00, 0x86, 0x40, 0x00, 0x00, 0x00, 0x03, 0x00, 0x00, 0x85, 0x40, 0x00, 0x00, 
0x00, 0x0c, 0x00, 0x00, 0x84, 0x40, 0x00, 0x00, 0x10, 0x00, 0x00, 0x00, 0x89, 0x01, 0x2e, 0x00, 
0x85, 0x01, 0x41, 0x00, 0x80, 0x01, 0x00, 0x00, 0x06, 0x00, 0x01, 0x00, 0x05, 0x01, 0x41, 0x00, 
0x00, 0x01, 0x02, 0x00, 0x01, 0x01, 0x02, 0x00, 0x03, 0x01, 0x02, 0x00, 0x02, 0x01, 0x02, 0x00, 
0x10, 0x40, 0x00, 0x00, 0x00, 0x80, 0x04, 0x00, 0x18, 0x01, 0xd6, 0xff, 0x14, 0x01, 0x41, 0x00, 
0x21, 0x01, 0x04, 0x00, 0x20, 0x01, 0x04, 0x00, 0x20, 0x40, 0x00, 0x00, 0x10, 0xe4, 0x04, 0x00, 
0x21, 0x40, 0x00, 0x00, 0xd0, 0x06, 0x00, 0x00, 0x22, 0x40, 0x00, 0x00, 0x90, 0xe1, 0x04, 0x00, 
0x16, 0x01, 0x0b, 0x00, 0x15, 0x01, 0x0b, 0x00, 0x0d, 0x01, 0x0a, 0x00, 0x2d, 0x01, 0x0e, 0x00, 
0x03, 0x00, 0x00, 0x00, 0x00, 0x40, 0x00, 0x00, 0x00, 0x80, 0x04, 0x00, 0x09, 0x01, 0xd6, 0xff, 
0x00, 0x01, 0x00, 0x00, 0x01, 0x01, 0x00, 0x00, 0x03, 0x01, 0x00, 0x00, 0x02, 0x01, 0x00, 0x00, 
0x10, 0x40, 0x00, 0x00, 0x00, 0x00, 0x00, 0x00, 0x18, 0x01, 0xfa, 0xff, 0x21, 0x01, 0x00, 0x00, 
0x20, 0x01, 0x00, 0x00, 0x20, 0x40, 0x00, 0x00, 0x60, 0xed, 0x04, 0x00, 0x21, 0x40, 0x00, 0x00, 
0x40, 0x0f, 0x00, 0x00, 0x22, 0x40, 0x00, 0x00, 0xe0, 0xea, 0x04, 0x00, 0x16, 0x01, 0x03, 0x00, 
0x15, 0x01, 0x0f, 0x00, 0x17, 0x01, 0x3f, 0x00, 0x02, 0x00, 0x00, 0x00, 0x25, 0x40, 0x0c, 0x00, 
0x68, 0x35, 0x7b, 0x75, 0x00, 0x40, 0x00, 0x00, 0x00, 0x40, 0x02, 0x00, 0x09, 0x01, 0xe3, 0xff, 
0x05, 0x01, 0x41, 0x01, 0x14, 0x01, 0x41, 0x01, 0x16, 0x01, 0x0f, 0x00, 0x15, 0x01, 0x1f, 0x00, 
0x17, 0x01, 0x0f, 0x00, 0x0d, 0x01, 0x2e, 0x00, 0x2d, 0x01, 0x2e, 0x00, 0x80, 0x40, 0x00, 0x00, 
0x00, 0x00, 0x00, 0x00, 0x89, 0x01, 0xfa, 0xff, 0x06, 0x00, 0x01, 0x00, 0x24, 0x40, 0x26, 0x00, 
0x00, 0x92, 0x71, 0x61, 0x00, 0x40, 0x00, 0x00, 0x00, 0x00, 0x00, 0x00, 0x09, 0x01, 0xfa, 0xff, 
0x05, 0x01, 0x41, 0x00, 0x10, 0x40, 0x00, 0x00, 0x00, 0x80, 0x04, 0x00, 0x18, 0x01, 0xc6, 0xff, 
0x26, 0x01, 0xc6, 0xff, 0x8f, 0x01, 0x00, 0x00, 0x80, 0x40, 0x00, 0x00, 0x30, 0x45, 0x01, 0x00, 
0x8b, 0x01, 0x00, 0x00, 0x8c, 0x01, 0x00, 0x00, 0x8a, 0x01, 0x00, 0x00, 0x86, 0x40, 0x00, 0x00, 
0x01, 0x00, 0x00, 0x00, 0x85, 0x40, 0x00, 0x00, 0x01, 0x00, 0x00, 0x00, 0x84, 0x40, 0x00, 0x00, 
0x01, 0x00, 0x00, 0x00, 0x89, 0x01, 0x7f, 0x00, 0x85, 0x01, 0x01, 0x00, 0x80, 0x01, 0x07, 0x00, 
0x06, 0x00, 0x00, 0x00, 0x24, 0x40, 0x24, 0x00, 0x80, 0x18, 0xc5, 0x51, 0x00, 0x40, 0x00, 0x00, 
0x00, 0x80, 0x04, 0x00, 0x09, 0x01, 0xc6, 0xff, 0x18, 0x01, 0xea, 0xff, 0x26, 0x01, 0x80, 0xff, 
0x80, 0x40, 0x00, 0x00, 0x40, 0x45, 0x01, 0x00, 0x85, 0x40, 0x00, 0x00, 0x40, 0x00, 0x00, 0x00, 
0x84, 0x40, 0x00, 0x00, 0x40, 0x00, 0x00, 0x00, 0x89, 0x01, 0xf8, 0xff, 0x80, 0x01, 0x03, 0x00, 
0x06, 0x00, 0x00, 0x00, 0x00, 0x40, 0x00, 0x00, 0x00, 0x00, 0x00, 0x00, 0x09, 0x01, 0xfa, 0xff, 
0x10, 0x40, 0x00, 0x00, 0x00, 0x40, 0x02, 0x00, 0x18, 0x01, 0xc2, 0xff, 0x26, 0x01, 0xc2, 0xff, 
0x16, 0x01, 0x09, 0x00, 0x15, 0x01, 0x15, 0x00, 0x0d, 0x01, 0x0a, 0x00, 0x2d, 0x01, 0x0e, 0x00, 
0x24, 0x40, 0x1e, 0x00, 0x80, 0xa5, 0xed, 0x5a, 0x05, 0x00, 0x01, 0x00, 0x25, 0x40, 0x0c, 0x00, 
0x4b, 0x03, 0x2d, 0x4f, 0x24, 0x40, 0x31, 0x00, 0x00, 0x00, 0x00, 0x40, 0x00, 0x40, 0x00, 0x00, 
0x00, 0x40, 0x02, 0x00, 0x09, 0x01, 0xc2, 0xff, 0x05, 0x01, 0x41, 0x02, 0x26, 0x01, 0x80, 0xff, 
0x16, 0x01, 0x0f, 0x00, 0x15, 0x01, 0x1f, 0x00, 0x0d, 0x01, 0x2e, 0x00, 0x2d, 0x01, 0x2e, 0x00, 
0x8f, 0x01, 0x01, 0x00, 0x80, 0x40, 0x00, 0x00, 0x00, 0x80, 0x04, 0x00, 0x8b, 0x01, 0x2f, 0x00, 
0x8c, 0x01, 0x2f, 0x00, 0x8a, 0x01, 0x2f, 0x00, 0x86, 0x40, 0x00, 0x00, 0x00, 0x03, 0x00, 0x00, 
0x85, 0x40, 0x00, 0x00, 0x00, 0x0c, 0x00, 0x00, 0x84, 0x40, 0x00, 0x00, 0x10, 0x00, 0x00, 0x00, 
0x89, 0x01, 0xea, 0xff, 0x85, 0x01, 0x41, 0x00, 0x80, 0x01, 0x00, 0x00, 0x06, 0x00, 0x01, 0x00, 
0x05, 0x01, 0x41, 0x00, 0x00, 0x01, 0x01, 0x00, 0x01, 0x01, 0x01, 0x00, 0x03, 0x01, 0x02, 0x00, 
0x02, 0x01, 0x02, 0x00, 0x10, 0x40, 0x00, 0x00, 0x00, 0x20, 0x01, 0x00, 0x1b, 0x01, 0x17, 0x00, 
0x1c, 0x01, 0x17, 0x00, 0x1a, 0x01, 0x17, 0x00, 0x12, 0x01, 0x17, 0x00, 0x11, 0x01, 0x17, 0x00, 
0x16, 0x40, 0x00, 0x00, 0x80, 0x01, 0x00, 0x00, 0x15, 0x40, 0x00, 0x00, 0x00, 0x06, 0x00, 0x00, 
0x18, 0x01, 0x16, 0x00, 0x14, 0x01, 0x41, 0x00, 0x21, 0x01, 0x04, 0x00, 0x20, 0x01, 0x04, 0x00, 
0x22, 0x01, 0x03, 0x00, 0x20, 0x40, 0x00, 0x00, 0x20, 0xff, 0x04, 0x00, 0x21, 0x40, 0x00, 0x00, 
0xd0, 0x06, 0x00, 0x00, 0x22, 0x40, 0x00, 0x00, 0xa0, 0xfc, 0x04, 0x00, 0x16, 0x01, 0x09, 0x00, 
0x15, 0x01, 0x0b, 0x00, 0x0d, 0x01, 0x1a, 0x00, 0x2d, 0x01, 0x1e, 0x00, 0x03, 0x00, 0x00, 0x00, 
0x00, 0x40, 0x00, 0x00, 0x00, 0x20, 0x01, 0x00, 0x0b, 0x01, 0x17, 0x00, 0x0c, 0x01, 0x17, 0x00, 
0x0a, 0x01, 0x17, 0x00, 0x06, 0x40, 0x00, 0x00, 0x80, 0x01, 0x00, 0x00, 0x05, 0x40, 0x00, 0x00, 
0x00, 0x06, 0x00, 0x00, 0x09, 0x01, 0x16, 0x00, 0x00, 0x01, 0x00, 0x00, 0x01, 0x01, 0x00, 0x00, 
0x03, 0x01, 0x00, 0x00, 0x02, 0x01, 0x00, 0x00, 0x10, 0x40, 0x00, 0x00, 0x00, 0x00, 0x00, 0x00, 
0x13, 0x01, 0x7f, 0x00, 0x15, 0x40, 0x00, 0x00, 0x00, 0x0c, 0x00, 0x00, 0x18, 0x01, 0x29, 0x00, 
0x21, 0x01, 0x00, 0x00, 0x20, 0x01, 0x00, 0x00, 0x22, 0x01, 0x00, 0x00, 0x20, 0x40, 0x00, 0x00, 
0xf0, 0x0a, 0x05, 0x00, 0x21, 0x40, 0x00, 0x00, 0x00, 0x1e, 0x00, 0x00, 0x22, 0x40, 0x00, 0x00, 
0xf0, 0x05, 0x05, 0x00, 0x23, 0x40, 0x00, 0x00, 0x00, 0x05, 0x00, 0x00, 0x16, 0x01, 0x07, 0x00, 
0x15, 0x01, 0x07, 0x00, 0x17, 0x01, 0x3f, 0x00, 0x0d, 0x01, 0x0a, 0x00, 0x2d, 0x01, 0x0e, 0x00, 
0x02, 0x00, 0x00, 0x00, 0x00, 0x40, 0x00, 0x00, 0x00, 0x40, 0x02, 0x00, 0x0b, 0x01, 0x2f, 0x00, 
0x0c, 0x01, 0x2f, 0x00, 0x0a, 0x01, 0x2f, 0x00, 0x06, 0x40, 0x00, 0x00, 0x00, 0x03, 0x00, 0x00, 
0x05, 0x40, 0x00, 0x00, 0x00, 0x0c, 0x00, 0x00, 0x09, 0x01, 0xc2, 0xff, 0x10, 0x40, 0x00, 0x00, 
0x00, 0x20, 0x01, 0x00, 0x13, 0x01, 0x3f, 0x00, 0x15, 0x40, 0x00, 0x00, 0x00, 0x06, 0x00, 0x00, 
0x18, 0x01, 0xc2, 0xff, 0x21, 0x01, 0x01, 0x00, 0x20, 0x01, 0x01, 0x00, 0x22, 0x01, 0x03, 0x00, 
0x16, 0x01, 0x03, 0x00, 0x15, 0x01, 0x03, 0x00, 0x2d, 0x01, 0x1e, 0x00, 0x05, 0x00, 0x00, 0x00, 
0x00, 0x40, 0x00, 0x00, 0x00, 0x20, 0x01, 0x00, 0x0b, 0x01, 0x17, 0x00, 0x0c, 0x01, 0x17, 0x00, 
0x0a, 0x01, 0x17, 0x00, 0x06, 0x40, 0x00, 0x00, 0x80, 0x01, 0x00, 0x00, 0x05, 0x40, 0x00, 0x00, 
0x00, 0x06, 0x00, 0x00, 0x10, 0x40, 0x00, 0x00, 0x00, 0xb0, 0x01, 0x00, 0x15, 0x40, 0x00, 0x00, 
0x00, 0x0c, 0x00, 0x00, 0x14, 0x01, 0x41, 0x81, 0x21, 0x01, 0x00, 0x00, 0x20, 0x01, 0x00, 0x00, 
0x22, 0x01, 0x00, 0x00, 0x16, 0x01, 0x09, 0x00, 0x15, 0x01, 0x15, 0x00, 0x17, 0x01, 0x0f, 0x00, 
0x2d, 0x01, 0x0e, 0x00, 0x24, 0x40, 0x1f, 0x00, 0x01, 0x00, 0x00, 0x80, 0x05, 0x00, 0x01, 0x00, 
0x0f, 0x01, 0x00, 0x00, 0x00, 0x40, 0x00, 0x00, 0x00, 0x4d, 0x01, 0x00, 0x06, 0x40, 0x00, 0x00, 
0x01, 0x00, 0x00, 0x00, 0x04, 0x40, 0x00, 0x00, 0x40, 0x00, 0x00, 0x00, 0x05, 0x01, 0x01, 0x00, 
0x10, 0x40, 0x00, 0x00, 0x00, 0xb6, 0x01, 0x00, 0x05, 0x00, 0x01, 0x00, 0x25, 0x40, 0x0c, 0x00, 
0x78, 0x6a, 0x0d, 0x7a, 0x24, 0x40, 0x32, 0x00, 0x73, 0xeb, 0x31, 0x74, 0x0f, 0x01, 0x01, 0x00, 
0x00, 0x40, 0x00, 0x00, 0x00, 0xb0, 0x01, 0x00, 0x04, 0x01, 0x7f, 0x00, 0x06, 0x40, 0x00, 0x00, 
0x80, 0x01, 0x00, 0x00, 0x05, 0x40, 0x00, 0x00, 0x00, 0x0c, 0x00, 0x00, 0x04, 0x40, 0x00, 0x00, 
0x10, 0x00, 0x00, 0x00, 0x05, 0x01, 0x41, 0x01, 0x10, 0x40, 0x00, 0x00, 0x00, 0xb0, 0x01, 0x00, 
0x13, 0x01, 0x7f, 0x00, 0x18, 0x01, 0x16, 0x00, 0x14, 0x01, 0x41, 0x01, 0x16, 0x01, 0x0f, 0x00, 
0x15, 0x01, 0x0f, 0x00, 0x17, 0x01, 0x1f, 0x00, 0x0d, 0x01, 0x2e, 0x00, 0x2d, 0x01, 0x2e, 0x00, 
0x80, 0x40, 0x00, 0x00, 0x00, 0x00, 0x00, 0x00, 0x8b, 0x01, 0x17, 0x00, 0x8c, 0x01, 0x17, 0x00, 
0x8a, 0x01, 0x17, 0x00, 0x86, 0x40, 0x00, 0x00, 0x80, 0x01, 0x00, 0x00, 0x89, 0x01, 0x29, 0x00, 
0x06, 0x00, 0x01, 0x00, 0x24, 0x40, 0x26, 0x00, 0x80, 0xb8, 0xe5, 0x4e, 0x09, 0x01, 0x16, 0x00, 
0x05, 0x01, 0x41, 0x00, 0x10, 0x40, 0x00, 0x00, 0x00, 0xd0, 0x02, 0x00, 0x18, 0x01, 0xc7, 0xff, 
0x26, 0x01, 0xc7, 0xff, 0x8f, 0x01, 0x00, 0x00, 0x80, 0x40, 0x00, 0x00, 0x00, 0xdd, 0x01, 0x00, 
0x8b, 0x01, 0x00, 0x00, 0x8c, 0x01, 0x00, 0x00, 0x8a, 0x01, 0x00, 0x00, 0x86, 0x40, 0x00, 0x00, 
0x01, 0x00, 0x00, 0x00, 0x85, 0x40, 0x00, 0x00, 0x01, 0x00, 0x00, 0x00, 0x84, 0x40, 0x00, 0x00, 
0x01, 0x00, 0x00, 0x00, 0x89, 0x01, 0x7f, 0x00, 0x85, 0x01, 0x01, 0x00, 0x80, 0x01, 0x07, 0x00, 
0x06, 0x00, 0x00, 0x00, 0x24, 0x40, 0x23, 0x00, 0x80, 0x7e, 0xad, 0x4e, 0x00, 0x40, 0x00, 0x00, 
0x00, 0xd0, 0x02, 0x00, 0x09, 0x01, 0xc7, 0xff, 0x18, 0x01, 0x3f, 0x00, 0x26, 0x01, 0x80, 0xff, 
0x80, 0x40, 0x00, 0x00, 0x10, 0xdd, 0x01, 0x00, 0x85, 0x40, 0x00, 0x00, 0x80, 0x00, 0x00, 0x00, 
0x84, 0x40, 0x00, 0x00, 0x80, 0x00, 0x00, 0x00, 0x89, 0x01, 0xe2, 0xff, 0x80, 0x01, 0x03, 0x00, 
0x06, 0x00, 0x00, 0x00, 0x00, 0x40, 0x00, 0x00, 0x00, 0xb0, 0x01, 0x00, 0x09, 0x01, 0x16, 0x00, 
0x10, 0x40, 0x00, 0x00, 0x00, 0x00, 0x00, 0x00, 0x18, 0x01, 0xda, 0xff, 0x26, 0x01, 0xda, 0xff, 
0x16, 0x01, 0x09, 0x00, 0x15, 0x01, 0x15, 0x00, 0x17, 0x01, 0x0f, 0x00, 0x0d, 0x01, 0x0a, 0x00, 
0x2d, 0x01, 0x0e, 0x00, 0x24, 0x40, 0x1e, 0x00, 0x80, 0x66, 0x55, 0x64, 0x05, 0x00, 0x01, 0x00, 
0x25, 0x40, 0x0d, 0x00, 0xc6, 0x5a, 0x33, 0x79, 0x24, 0x40, 0x31, 0x00, 0x00, 0x00, 0x00, 0x40, 
0x00, 0x40, 0x00, 0x00, 0x00, 0x00, 0x00, 0x00, 0x09, 0x01, 0xda, 0xff, 0x05, 0x01, 0x41, 0x02, 
0x26, 0x01, 0x80, 0xff, 0x16, 0x01, 0x0f, 0x00, 0x15, 0x01, 0x0f, 0x00, 0x17, 0x01, 0x1f, 0x00, 
0x0d, 0x01, 0x2e, 0x00, 0x2d, 0x01, 0x2e, 0x00, 0x8f, 0x01, 0x01, 0x00, 0x80, 0x40, 0x00, 0x00, 
0x00, 0xd0, 0x02, 0x00, 0x8b, 0x01, 0x17, 0x00, 0x8c, 0x01, 0x17, 0x00, 0x8a, 0x01, 0x17, 0x00, 
0x86, 0x40, 0x00, 0x00, 0x80, 0x01, 0x00, 0x00, 0x85, 0x40, 0x00, 0x00, 0x00, 0x0c, 0x00, 0x00, 
0x84, 0x40, 0x00, 0x00, 0x10, 0x00, 0x00, 0x00, 0x89, 0x01, 0x3f, 0x00, 0x85, 0x01, 0x41, 0x00, 
0x80, 0x01, 0x00, 0x00, 0x06, 0x00, 0x01, 0x00, 0x05, 0x01, 0x41, 0x00, 0x00, 0x01, 0x02, 0x00, 
0x01, 0x01, 0x02, 0x00, 0x03, 0x01, 0x02, 0x00, 0x02, 0x01, 0x02, 0x00, 0x10, 0x40, 0x00, 0x00, 
0x00, 0x40, 0x02, 0x00, 0x18, 0x01, 0x16, 0x00, 0x14, 0x01, 0x41, 0x00, 0x21, 0x01, 0x04, 0x00, 
0x20, 0x01, 0x04, 0x00, 0x20, 0x40, 0x00, 0x00, 0xf0, 0x2d, 0x05, 0x00, 0x21, 0x40, 0x00, 0x00, 
0x20, 0x0d, 0x00, 0x00, 0x22, 0x40, 0x00, 0x00, 0xf0, 0x28, 0x05, 0x00, 0x16, 0x01, 0x0b, 0x00, 
0x15, 0x01, 0x0b, 0x00, 0x17, 0x01, 0x0f, 0x00, 0x0d, 0x01, 0x0a, 0x00, 0x2d, 0x01, 0x0e, 0x00, 
0x03, 0x00, 0x00, 0x00, 0x00, 0x40, 0x00, 0x00, 0x00, 0x40, 0x02, 0x00, 0x09, 0x01, 0x16, 0x00, 
0x00, 0x01, 0x00, 0x00, 0x01, 0x01, 0x00, 0x00, 0x03, 0x01, 0x00, 0x00, 0x02, 0x01, 0x00, 0x00, 
0x10, 0x40, 0x00, 0x00, 0x00, 0x20, 0x01, 0x00, 0x18, 0x01, 0x1b, 0x00, 0x21, 0x01, 0x00, 0x00, 
0x20, 0x01, 0x00, 0x00, 0x20, 0x40, 0x00, 0x00, 0x10, 0x40, 0x05, 0x00, 0x21, 0x40, 0x00, 0x00, 
0x40, 0x3c, 0x00, 0x00, 0x22, 0x40, 0x00, 0x00, 0x10, 0x3b, 0x05, 0x00, 0x16, 0x01, 0x07, 0x00, 
0x15, 0x01, 0x07, 0x00, 0x17, 0x01, 0x3f, 0x00, 0x02, 0x00, 0x00, 0x00, 0x25, 0x40, 0x0c, 0x00, 
0x78, 0x98, 0xde, 0x55, 0x24, 0x40, 0x31, 0x00, 0x9b, 0x9b, 0xcc, 0x44, 0x00, 0x40, 0x00, 0x00, 
0x00, 0x00, 0x00, 0x00, 0x09, 0x01, 0xda, 0xff, 0x05, 0x01, 0x41, 0x01, 0x18, 0x01, 0x13, 0x00, 
0x14, 0x01, 0x41, 0x01, 0x16, 0x01, 0x0f, 0x00, 0x15, 0x01, 0x0f, 0x00, 0x17, 0x01, 0x1f, 0x00, 
0x0d, 0x01, 0x2e, 0x00, 0x2d, 0x01, 0x2e, 0x00, 0x80, 0x40, 0x00, 0x00, 0x00, 0x20, 0x01, 0x00, 
0x89, 0x01, 0x1b, 0x00, 0x06, 0x00, 0x01, 0x00, 0x24, 0x40, 0x26, 0x00, 0x00, 0x47, 0x04, 0x4b, 
0x00, 0x40, 0x00, 0x00, 0x00, 0x20, 0x01, 0x00, 0x09, 0x01, 0x13, 0x00, 0x05, 0x01, 0x41, 0x00, 
0x10, 0x40, 0x00, 0x00, 0x00, 0x40, 0x02, 0x00, 0x18, 0x01, 0xd3, 0xff, 0x26, 0x01, 0xd3, 0xff, 
0x8f, 0x01, 0x00, 0x00, 0x80, 0x40, 0x00, 0x00, 0x90, 0xe7, 0x01, 0x00, 0x8b, 0x01, 0x00, 0x00, 
0x8c, 0x01, 0x00, 0x00, 0x8a, 0x01, 0x00, 0x00, 0x86, 0x40, 0x00, 0x00, 0x01, 0x00, 0x00, 0x00, 
0x85, 0x40, 0x00, 0x00, 0x01, 0x00, 0x00, 0x00, 0x84, 0x40, 0x00, 0x00, 0x01, 0x00, 0x00, 0x00, 
0x89, 0x01, 0x7f, 0x00, 0x85, 0x01, 0x01, 0x00, 0x80, 0x01, 0x07, 0x00, 0x06, 0x00, 0x00, 0x00, 
0x24, 0x40, 0x24, 0x00, 0x00, 0x26, 0xc9, 0x50, 0x00, 0x40, 0x00, 0x00, 0x00, 0x40, 0x02, 0x00, 
0x09, 0x01, 0xd3, 0xff, 0x18, 0x01, 0x09, 0x00, 0x26, 0x01, 0x80, 0xff, 0x80, 0x40, 0x00, 0x00, 
0xa0, 0xe7, 0x01, 0x00, 0x85, 0x40, 0x00, 0x00, 0x80, 0x00, 0x00, 0x00, 0x84, 0x40, 0x00, 0x00, 
0x80, 0x00, 0x00, 0x00, 0x89, 0x01, 0x01, 0x00, 0x80, 0x01, 0x03, 0x00, 0x06, 0x00, 0x00, 0x00, 
0x00, 0x40, 0x00, 0x00, 0x00, 0x20, 0x01, 0x00, 0x09, 0x01, 0x13, 0x00, 0x10, 0x40, 0x00, 0x00, 
0x00, 0x00, 0x00, 0x00, 0x18, 0x01, 0xe5, 0xff, 0x26, 0x01, 0xe5, 0xff, 0x16, 0x01, 0x09, 0x00, 
0x15, 0x01, 0x15, 0x00, 0x17, 0x01, 0x0f, 0x00, 0x0d, 0x01, 0x0a, 0x00, 0x2d, 0x01, 0x0e, 0x00, 
0x24, 0x40, 0x1e, 0x00, 0x80, 0xe8, 0xf0, 0x5a, 0x05, 0x00, 0x01, 0x00, 0x25, 0x40, 0x0c, 0x00, 
0xff, 0xe5, 0x95, 0x5e, 0x24, 0x40, 0x31, 0x00, 0x00, 0x00, 0x00, 0x40, 0x00, 0x40, 0x00, 0x00, 
0x00, 0x00, 0x00, 0x00, 0x09, 0x01, 0xe5, 0xff, 0x05, 0x01, 0x41, 0x02, 0x26, 0x01, 0x80, 0xff, 
0x16, 0x01, 0x0f, 0x00, 0x15, 0x01, 0x0f, 0x00, 0x17, 0x01, 0x1f, 0x00, 0x0d, 0x01, 0x2e, 0x00, 
0x2d, 0x01, 0x2e, 0x00, 0x8f, 0x01, 0x01, 0x00, 0x80, 0x40, 0x00, 0x00, 0x00, 0x40, 0x02, 0x00, 
0x8b, 0x01, 0x17, 0x00, 0x8c, 0x01, 0x17, 0x00, 0x8a, 0x01, 0x17, 0x00, 0x86, 0x40, 0x00, 0x00, 
0x80, 0x01, 0x00, 0x00, 0x85, 0x40, 0x00, 0x00, 0x00, 0x0c, 0x00, 0x00, 0x84, 0x40, 0x00, 0x00, 
0x10, 0x00, 0x00, 0x00, 0x89, 0x01, 0x09, 0x00, 0x85, 0x01, 0x41, 0x00, 0x80, 0x01, 0x00, 0x00, 
0x06, 0x00, 0x01, 0x00, 0x05, 0x01, 0x41, 0x00, 0x00, 0x01, 0x02, 0x00, 0x01, 0x01, 0x02, 0x00, 
0x03, 0x01, 0x02, 0x00, 0x02, 0x01, 0x02, 0x00, 0x10, 0x40, 0x00, 0x00, 0x00, 0x40, 0x02, 0x00, 
0x18, 0x01, 0xff, 0xff, 0x14, 0x01, 0x41, 0x00, 0x21, 0x01, 0x04, 0x00, 0x20, 0x01, 0x04, 0x00, 
0x20, 0x40, 0x00, 0x00, 0x50, 0x81, 0x05, 0x00, 0x21, 0x40, 0x00, 0x00, 0x60, 0x0d, 0x00, 0x00, 
0x22, 0x40, 0x00, 0x00, 0x50, 0x7c, 0x05, 0x00, 0x16, 0x01, 0x0b, 0x00, 0x15, 0x01, 0x0b, 0x00, 
0x17, 0x01, 0x0f, 0x00, 0x0d, 0x01, 0x0a, 0x00, 0x2d, 0x01, 0x0e, 0x00, 0x03, 0x00, 0x00, 0x00, 
0x00, 0x40, 0x00, 0x00, 0x00, 0x40, 0x02, 0x00, 0x09, 0x01, 0xff, 0xff, 0x00, 0x01, 0x00, 0x00, 
0x01, 0x01, 0x00, 0x00, 0x03, 0x01, 0x00, 0x00, 0x02, 0x01, 0x00, 0x00, 0x10, 0x40, 0x00, 0x00, 
0x00, 0x20, 0x01, 0x00, 0x18, 0x01, 0x1f, 0x00, 0x21, 0x01, 0x00, 0x00, 0x20, 0x01, 0x00, 0x00, 
0x20, 0x40, 0x00, 0x00, 0xb0, 0x93, 0x05, 0x00, 0x21, 0x40, 0x00, 0x00, 0x30, 0x39, 0x00, 0x00, 
0x22, 0x40, 0x00, 0x00, 0xb0, 0x8e, 0x05, 0x00, 0x16, 0x01, 0x07, 0x00, 0x15, 0x01, 0x07, 0x00, 
0x17, 0x01, 0x3f, 0x00, 0x02, 0x00, 0x00, 0x00, 0x25, 0x40, 0x0c, 0x00, 0x85, 0x74, 0x8b, 0x5d, 
0x00, 0x40, 0x00, 0x00, 0x00, 0x00, 0x00, 0x00, 0x09, 0x01, 0xe5, 0xff, 0x05, 0x01, 0x41, 0x01, 
0x14, 0x01, 0x41, 0x01, 0x16, 0x01, 0x0f, 0x00, 0x15, 0x01, 0x0f, 0x00, 0x17, 0x01, 0x1f, 0x00, 
0x0d, 0x01, 0x2e, 0x00, 0x2d, 0x01, 0x2e, 0x00, 0x80, 0x40, 0x00, 0x00, 0x00, 0x20, 0x01, 0x00, 
0x89, 0x01, 0x1f, 0x00, 0x06, 0x00, 0x01, 0x00, 0x24, 0x40, 0x26, 0x00, 0x80, 0xd5, 0xea, 0x46, 
0x00, 0x40, 0x00, 0x00, 0x00, 0x20, 0x01, 0x00, 0x09, 0x01, 0x1f, 0x00, 0x05, 0x01, 0x41, 0x00, 
0x10, 0x40, 0x00, 0x00, 0x00, 0x40, 0x02, 0x00, 0x18, 0x01, 0xcf, 0xff, 0x26, 0x01, 0xcf, 0xff, 
0x8f, 0x01, 0x00, 0x00, 0x80, 0x40, 0x00, 0x00, 0x20, 0xf2, 0x01, 0x00, 0x8b, 0x01, 0x00, 0x00, 
0x8c, 0x01, 0x00, 0x00, 0x8a, 0x01, 0x00, 0x00, 0x86, 0x40, 0x00, 0x00, 0x01, 0x00, 0x00, 0x00, 
0x85, 0x40, 0x00, 0x00, 0x01, 0x00, 0x00, 0x00, 0x84, 0x40, 0x00, 0x00, 0x01, 0x00, 0x00, 0x00, 
0x89, 0x01, 0x7f, 0x00, 0x85, 0x01, 0x01, 0x00, 0x80, 0x01, 0x07, 0x00, 0x06, 0x00, 0x00, 0x00, 
0x24, 0x40, 0x24, 0x00, 0x80, 0x5d, 0x87, 0x6b, 0x00, 0x40, 0x00, 0x00, 0x00, 0x40, 0x02, 0x00, 
0x09, 0x01, 0xcf, 0xff, 0x18, 0x01, 0x2a, 0x00, 0x26, 0x01, 0x80, 0xff, 0x80, 0x40, 0x00, 0x00, 
0x30, 0xf2, 0x01, 0x00, 0x85, 0x40, 0x00, 0x00, 0x80, 0x00, 0x00, 0x00, 0x84, 0x40, 0x00, 0x00, 
0x80, 0x00, 0x00, 0x00, 0x89, 0x01, 0x17, 0x00, 0x80, 0x01, 0x03, 0x00, 0x06, 0x00, 0x00, 0x00, 
0x00, 0x40, 0x00, 0x00, 0x00, 0x20, 0x01, 0x00, 0x09, 0x01, 0x1f, 0x00, 0x10, 0x40, 0x00, 0x00, 
0x00, 0x00, 0x00, 0x00, 0x18, 0x01, 0xed, 0xff, 0x26, 0x01, 0xed, 0xff, 0x16, 0x01, 0x09, 0x00, 
0x15, 0x01, 0x15, 0x00, 0x17, 0x01, 0x0f, 0x00, 0x0d, 0x01, 0x0a, 0x00, 0x2d, 0x01, 0x0e, 0x00, 
0x24, 0x40, 0x1e, 0x00, 0x80, 0xe0, 0x65, 0x61, 0x05, 0x00, 0x01, 0x00, 0x25, 0x40, 0x0c, 0x00, 
0xb6, 0x5b, 0x69, 0x52, 0x24, 0x40, 0x31, 0x00, 0x00, 0x00, 0x00, 0x40, 0x00, 0x40, 0x00, 0x00, 
0x00, 0x00, 0x00, 0x00, 0x09, 0x01, 0xed, 0xff, 0x05, 0x01, 0x41, 0x02, 0x26, 0x01, 0x80, 0xff, 
0x16, 0x01, 0x0f, 0x00, 0x15, 0x01, 0x0f, 0x00, 0x17, 0x01, 0x1f, 0x00, 0x0d, 0x01, 0x2e, 0x00, 
0x2d, 0x01, 0x2e, 0x00, 0x8f, 0x01, 0x01, 0x00, 0x80, 0x40, 0x00, 0x00, 0x00, 0x40, 0x02, 0x00, 
0x8b, 0x01, 0x17, 0x00, 0x8c, 0x01, 0x17, 0x00, 0x8a, 0x01, 0x17, 0x00, 0x86, 0x40, 0x00, 0x00, 
0x80, 0x01, 0x00, 0x00, 0x85, 0x40, 0x00, 0x00, 0x00, 0x0c, 0x00, 0x00, 0x84, 0x40, 0x00, 0x00, 
0x10, 0x00, 0x00, 0x00, 0x89, 0x01, 0x2a, 0x00, 0x85, 0x01, 0x41, 0x00, 0x80, 0x01, 0x00, 0x00, 
0x06, 0x00, 0x01, 0x00, 0x05, 0x01, 0x41, 0x00, 0x00, 0x01, 0x02, 0x00, 0x01, 0x01, 0x02, 0x00, 
0x03, 0x01, 0x02, 0x00, 0x02, 0x01, 0x02, 0x00, 0x10, 0x40, 0x00, 0x00, 0x00, 0x40, 0x02, 0x00, 
0x18, 0x01, 0xe5, 0xff, 0x14, 0x01, 0x41, 0x00, 0x21, 0x01, 0x04, 0x00, 0x20, 0x01, 0x04, 0x00, 
0x20, 0x40, 0x00, 0x00, 0xe0, 0xd1, 0x05, 0x00, 0x21, 0x40, 0x00, 0x00, 0xa0, 0x0d, 0x00, 0x00, 
0x22, 0x40, 0x00, 0x00, 0xe0, 0xcc, 0x05, 0x00, 0x16, 0x01, 0x0b, 0x00, 0x15, 0x01, 0x0b, 0x00, 
0x17, 0x01, 0x0f, 0x00, 0x0d, 0x01, 0x0a, 0x00, 0x2d, 0x01, 0x0e, 0x00, 0x03, 0x00, 0x00, 0x00, 
0x00, 0x40, 0x00, 0x00, 0x00, 0x40, 0x02, 0x00, 0x09, 0x01, 0xe5, 0xff, 0x00, 0x01, 0x00, 0x00, 
0x01, 0x01, 0x00, 0x00, 0x03, 0x01, 0x00, 0x00, 0x02, 0x01, 0x00, 0x00, 0x10, 0x40, 0x00, 0x00, 
0x00, 0x20, 0x01, 0x00, 0x18, 0x01, 0x1a, 0x00, 0x21, 0x01, 0x00, 0x00, 0x20, 0x01, 0x00, 0x00, 
0x20, 0x40, 0x00, 0x00, 0x80, 0xe4, 0x05, 0x00, 0x21, 0x40, 0x00, 0x00, 0x90, 0x39, 0x00, 0x00, 
0x22, 0x40, 0x00, 0x00, 0x80, 0xdf, 0x05, 0x00, 0x16, 0x01, 0x07, 0x00, 0x15, 0x01, 0x07, 0x00, 
0x17, 0x01, 0x3f, 0x00, 0x02, 0x00, 0x00, 0x00, 0x25, 0x40, 0x0c, 0x00, 0xc0, 0xe6, 0x15, 0x63, 
0x24, 0x40, 0x31, 0x00, 0xae, 0xb9, 0x3f, 0x40, 0x00, 0x40, 0x00, 0x00, 0x00, 0x00, 0x00, 0x00, 
0x09, 0x01, 0xed, 0xff, 0x05, 0x01, 0x41, 0x01, 0x18, 0x01, 0x19, 0x00, 0x14, 0x01, 0x41, 0x01, 
0x16, 0x01, 0x0f, 0x00, 0x15, 0x01, 0x0f, 0x00, 0x17, 0x01, 0x1f, 0x00, 0x0d, 0x01, 0x2e, 0x00, 
0x2d, 0x01, 0x2e, 0x00, 0x80, 0x40, 0x00, 0x00, 0x00, 0x20, 0x01, 0x00, 0x89, 0x01, 0x1a, 0x00, 
0x06, 0x00, 0x01, 0x00, 0x24, 0x40, 0x26, 0x00, 0x00, 0x2c, 0xbe, 0x4d, 0x00, 0x40, 0x00, 0x00, 
0x00, 0x20, 0x01, 0x00, 0x09, 0x01, 0x19, 0x00, 0x05, 0x01, 0x41, 0x00, 0x10, 0x40, 0x00, 0x00, 
0x00, 0x40, 0x02, 0x00, 0x18, 0x01, 0xc6, 0xff, 0x26, 0x01, 0xc6, 0xff, 0x8f, 0x01, 0x00, 0x00, 
0x80, 0x40, 0x00, 0x00, 0xb0, 0xfc, 0x01, 0x00, 0x8b, 0x01, 0x00, 0x00, 0x8c, 0x01, 0x00, 0x00, 
0x8a, 0x01, 0x00, 0x00, 0x86, 0x40, 0x00, 0x00, 0x01, 0x00, 0x00, 0x00, 0x85, 0x40, 0x00, 0x00, 
0x01, 0x00, 0x00, 0x00, 0x84, 0x40, 0x00, 0x00, 0x01, 0x00, 0x00, 0x00, 0x89, 0x01, 0x7f, 0x00, 
0x85, 0x01, 0x01, 0x00, 0x80, 0x01, 0x07, 0x00, 0x06, 0x00, 0x00, 0x00, 0x24, 0x40, 0x24, 0x00, 
0x00, 0xa2, 0x96, 0x57, 0x00, 0x40, 0x00, 0x00, 0x00, 0x40, 0x02, 0x00, 0x09, 0x01, 0xc6, 0xff, 
0x18, 0x01, 0x25, 0x00, 0x26, 0x01, 0x80, 0xff, 0x80, 0x40, 0x00, 0x00, 0xc0, 0xfc, 0x01, 0x00, 
0x85, 0x40, 0x00, 0x00, 0x80, 0x00, 0x00, 0x00, 0x84, 0x40, 0x00, 0x00, 0x80, 0x00, 0x00, 0x00, 
0x89, 0x01, 0x17, 0x00, 0x80, 0x01, 0x03, 0x00, 0x06, 0x00, 0x00, 0x00, 0x00, 0x40, 0x00, 0x00, 
0x00, 0x20, 0x01, 0x00, 0x09, 0x01, 0x19, 0x00, 0x10, 0x40, 0x00, 0x00, 0x00, 0x00, 0x00, 0x00, 
0x18, 0x01, 0xdc, 0xff, 0x26, 0x01, 0xdc, 0xff, 0x16, 0x01, 0x09, 0x00, 0x15, 0x01, 0x15, 0x00, 
0x17, 0x01, 0x0f, 0x00, 0x0d, 0x01, 0x0a, 0x00, 0x2d, 0x01, 0x0e, 0x00, 0x24, 0x40, 0x1e, 0x00, 
0x80, 0xdd, 0x72, 0x66, 0x05, 0x00, 0x01, 0x00, 0x25, 0x40, 0x0c, 0x00, 0x96, 0x0d, 0x39, 0x47, 
0x24, 0x40, 0x31, 0x00, 0x00, 0x00, 0x00, 0x40, 0x00, 0x40, 0x00, 0x00, 0x00, 0x00, 0x00, 0x00, 
0x09, 0x01, 0xdc, 0xff, 0x05, 0x01, 0x41, 0x02, 0x26, 0x01, 0x80, 0xff, 0x16, 0x01, 0x0f, 0x00, 
0x15, 0x01, 0x0f, 0x00, 0x17, 0x01, 0x1f, 0x00, 0x0d, 0x01, 0x2e, 0x00, 0x2d, 0x01, 0x2e, 0x00, 
0x8f, 0x01, 0x01, 0x00, 0x80, 0x40, 0x00, 0x00, 0x00, 0x40, 0x02, 0x00, 0x8b, 0x01, 0x17, 0x00, 
0x8c, 0x01, 0x17, 0x00, 0x8a, 0x01, 0x17, 0x00, 0x86, 0x40, 0x00, 0x00, 0x80, 0x01, 0x00, 0x00, 
0x85, 0x40, 0x00, 0x00, 0x00, 0x0c, 0x00, 0x00, 0x84, 0x40, 0x00, 0x00, 0x10, 0x00, 0x00, 0x00, 
0x89, 0x01, 0x25, 0x00, 0x85, 0x01, 0x41, 0x00, 0x80, 0x01, 0x00, 0x00, 0x06, 0x00, 0x01, 0x00, 
0x05, 0x01, 0x41, 0x00, 0x00, 0x01, 0x02, 0x00, 0x01, 0x01, 0x02, 0x00, 0x03, 0x01, 0x02, 0x00, 
0x02, 0x01, 0x02, 0x00, 0x10, 0x40, 0x00, 0x00, 0x00, 0x40, 0x02, 0x00, 0x18, 0x01, 0xdb, 0xff, 
0x14, 0x01, 0x41, 0x00, 0x21, 0x01, 0x04, 0x00, 0x20, 0x01, 0x04, 0x00, 0x20, 0x40, 0x00, 0x00, 
0x10, 0x23, 0x06, 0x00, 0x21, 0x40, 0x00, 0x00, 0x20, 0x0d, 0x00, 0x00, 0x22, 0x40, 0x00, 0x00, 
0x10, 0x1e, 0x06, 0x00, 0x16, 0x01, 0x0b, 0x00, 0x15, 0x01, 0x0b, 0x00, 0x17, 0x01, 0x0f, 0x00, 
0x0d, 0x01, 0x0a, 0x00, 0x2d, 0x01, 0x0e, 0x00, 0x03, 0x00, 0x00, 0x00, 0x00, 0x40, 0x00, 0x00, 
0x00, 0x40, 0x02, 0x00, 0x09, 0x01, 0xdb, 0xff, 0x00, 0x01, 0x00, 0x00, 0x01, 0x01, 0x00, 0x00, 
0x03, 0x01, 0x00, 0x00, 0x02, 0x01, 0x00, 0x00, 0x10, 0x40, 0x00, 0x00, 0x00, 0x20, 0x01, 0x00, 
0x18, 0x01, 0x31, 0x00, 0x21, 0x01, 0x00, 0x00, 0x20, 0x01, 0x00, 0x00, 0x20, 0x40, 0x00, 0x00, 
0x30, 0x35, 0x06, 0x00, 0x21, 0x40, 0x00, 0x00, 0xa0, 0x3a, 0x00, 0x00, 0x22, 0x40, 0x00, 0x00, 
0x30, 0x30, 0x06, 0x00, 0x16, 0x01, 0x07, 0x00, 0x15, 0x01, 0x07, 0x00, 0x17, 0x01, 0x3f, 0x00, 
0x02, 0x00, 0x00, 0x00, 0x25, 0x40, 0x0c, 0x00, 0x53, 0x1d, 0x39, 0x4f, 0x24, 0x40, 0x31, 0x00, 
0x24, 0xd6, 0xd1, 0x45, 0x00, 0x40, 0x00, 0x00, 0x00, 0x00, 0x00, 0x00, 0x09, 0x01, 0xdc, 0xff, 
0x05, 0x01, 0x41, 0x01, 0x18, 0x01, 0x2a, 0x00, 0x14, 0x01, 0x41, 0x01, 0x16, 0x01, 0x0f, 0x00, 
0x15, 0x01, 0x0f, 0x00, 0x17, 0x01, 0x1f, 0x00, 0x0d, 0x01, 0x2e, 0x00, 0x2d, 0x01, 0x2e, 0x00, 
0x80, 0x40, 0x00, 0x00, 0x00, 0x20, 0x01, 0x00, 0x89, 0x01, 0x31, 0x00, 0x06, 0x00, 0x01, 0x00, 
0x24, 0x40, 0x27, 0x00, 0x00, 0x35, 0x8a, 0x79, 0x00, 0x40, 0x00, 0x00, 0x00, 0x20, 0x01, 0x00, 
0x09, 0x01, 0x2a, 0x00, 0x05, 0x01, 0x41, 0x00, 0x10, 0x40, 0x00, 0x00, 0x00, 0x40, 0x02, 0x00, 
0x18, 0x01, 0xde, 0xff, 0x26, 0x01, 0xde, 0xff, 0x8f, 0x01, 0x00, 0x00, 0x80, 0x40, 0x00, 0x00, 
0x40, 0x07, 0x02, 0x00, 0x8b, 0x01, 0x00, 0x00, 0x8c, 0x01, 0x00, 0x00, 0x8a, 0x01, 0x00, 0x00, 
0x86, 0x40, 0x00, 0x00, 0x01, 0x00, 0x00, 0x00, 0x85, 0x40, 0x00, 0x00, 0x01, 0x00, 0x00, 0x00, 
0x84, 0x40, 0x00, 0x00, 0x01, 0x00, 0x00, 0x00, 0x89, 0x01, 0x7f, 0x00, 0x85, 0x01, 0x01, 0x00, 
0x80, 0x01, 0x07, 0x00, 0x06, 0x00, 0x00, 0x00, 0x24, 0x40, 0x24, 0x00, 0x80, 0x2c, 0x68, 0x6e, 
0x00, 0x40, 0x00, 0x00, 0x00, 0x40, 0x02, 0x00, 0x09, 0x01, 0xde, 0xff, 0x18, 0x01, 0x5b, 0x00, 
0x26, 0x01, 0x80, 0xff, 0x80, 0x40, 0x00, 0x00, 0x50, 0x07, 0x02, 0x00, 0x85, 0x40, 0x00, 0x00, 
0x80, 0x00, 0x00, 0x00, 0x84, 0x40, 0x00, 0x00, 0x80, 0x00, 0x00, 0x00, 0x89, 0x01, 0x39, 0x00, 
0x80, 0x01, 0x03, 0x00, 0x06, 0x00, 0x00, 0x00, 0x00, 0x40, 0x00, 0x00, 0x00, 0x20, 0x01, 0x00, 
0x09, 0x01, 0x2a, 0x00, 0x10, 0x40, 0x00, 0x00, 0x00, 0x00, 0x00, 0x00, 0x18, 0x01, 0x0a, 0x00, 
0x26, 0x01, 0x0a, 0x00, 0x16, 0x01, 0x09, 0x00, 0x15, 0x01, 0x15, 0x00, 0x17, 0x01, 0x0f, 0x00, 
0x0d, 0x01, 0x0a, 0x00, 0x2d, 0x01, 0x0e, 0x00, 0x24, 0x40, 0x1e, 0x00, 0x80, 0x0f, 0x83, 0x58, 
0x05, 0x00, 0x01, 0x00, 0x25, 0x40, 0x0c, 0x00, 0xd0, 0x73, 0x88, 0x50, 0x24, 0x40, 0x31, 0x00, 
0x00, 0x00, 0x00, 0x40, 0x00, 0x40, 0x00, 0x00, 0x00, 0x00, 0x00, 0x00, 0x09, 0x01, 0x0a, 0x00, 
0x05, 0x01, 0x41, 0x02, 0x26, 0x01, 0x80, 0xff, 0x16, 0x01, 0x0f, 0x00, 0x15, 0x01, 0x0f, 0x00, 
0x17, 0x01, 0x1f, 0x00, 0x0d, 0x01, 0x2e, 0x00, 0x2d, 0x01, 0x2e, 0x00, 0x8f, 0x01, 0x01, 0x00, 
0x80, 0x40, 0x00, 0x00, 0x00, 0x40, 0x02, 0x00, 0x8b, 0x01, 0x17, 0x00, 0x8c, 0x01, 0x17, 0x00, 
0x8a, 0x01, 0x17, 0x00, 0x86, 0x40, 0x00, 0x00, 0x80, 0x01, 0x00, 0x00, 0x85, 0x40, 0x00, 0x00, 
0x00, 0x0c, 0x00, 0x00, 0x84, 0x40, 0x00, 0x00, 0x10, 0x00, 0x00, 0x00, 0x89, 0x01, 0x5b, 0x00, 
0x85, 0x01, 0x41, 0x00, 0x80, 0x01, 0x00, 0x00, 0x06, 0x00, 0x01, 0x00, 0x05, 0x01, 0x41, 0x00, 
0x00, 0x01, 0x01, 0x00, 0x01, 0x01, 0x01, 0x00, 0x03, 0x01, 0x02, 0x00, 0x02, 0x01, 0x02, 0x00, 
0x10, 0x40, 0x00, 0x00, 0x00, 0x20, 0x01, 0x00, 0x1b, 0x01, 0x0b, 0x00, 0x1c, 0x01, 0x0b, 0x00, 
0x1a, 0x01, 0x0b, 0x00, 0x12, 0x01, 0x0b, 0x00, 0x11, 0x01, 0x0b, 0x00, 0x16, 0x40, 0x00, 0x00, 
0xc0, 0x00, 0x00, 0x00, 0x15, 0x40, 0x00, 0x00, 0x00, 0x06, 0x00, 0x00, 0x18, 0x01, 0x41, 0x00, 
0x14, 0x01, 0x41, 0x00, 0x21, 0x01, 0x04, 0x00, 0x20, 0x01, 0x04, 0x00, 0x22, 0x01, 0x03, 0x00, 
0x20, 0x40, 0x00, 0x00, 0xd0, 0x74, 0x06, 0x00, 0x21, 0x40, 0x00, 0x00, 0xa0, 0x0d, 0x00, 0x00, 
0x22, 0x40, 0x00, 0x00, 0xd0, 0x6f, 0x06, 0x00, 0x16, 0x01, 0x09, 0x00, 0x15, 0x01, 0x0b, 0x00, 
0x17, 0x01, 0x0f, 0x00, 0x0d, 0x01, 0x1a, 0x00, 0x2d, 0x01, 0x1e, 0x00, 0x2f, 0x01, 0x00, 0x00, 
0x03, 0x00, 0x00, 0x00, 0x00, 0x40, 0x00, 0x00, 0x00, 0x20, 0x01, 0x00, 0x0b, 0x01, 0x0b, 0x00, 
0x0c, 0x01, 0x0b, 0x00, 0x0a, 0x01, 0x0b, 0x00, 0x06, 0x40, 0x00, 0x00, 0xc0, 0x00, 0x00, 0x00, 
0x05, 0x40, 0x00, 0x00, 0x00, 0x06, 0x00, 0x00, 0x09, 0x01, 0x41, 0x00, 0x00, 0x01, 0x00, 0x00, 
0x01, 0x01, 0x00, 0x00, 0x03, 0x01, 0x00, 0x00, 0x02, 0x01, 0x00, 0x00, 0x10, 0x40, 0x00, 0x00, 
0x00, 0xb0, 0x01, 0x00, 0x13, 0x01, 0xff, 0x00, 0x15, 0x40, 0x00, 0x00, 0x00, 0x0c, 0x00, 0x00, 
0x18, 0x01, 0x0f, 0x00, 0x21, 0x01, 0x00, 0x00, 0x20, 0x01, 0x00, 0x00, 0x22, 0x01, 0x00, 0x00, 
0x20, 0x40, 0x00, 0x00, 0x70, 0x8c, 0x06, 0x00, 0x21, 0x40, 0x00, 0x00, 0xc0, 0x75, 0x00, 0x00, 
0x22, 0x40, 0x00, 0x00, 0x70, 0x82, 0x06, 0x00, 0x23, 0x40, 0x00, 0x00, 0x00, 0x0a, 0x00, 0x00, 
0x16, 0x01, 0x03, 0x00, 0x17, 0x01, 0x3f, 0x00, 0x0d, 0x01, 0x0a, 0x00, 0x2d, 0x01, 0x0e, 0x00, 
0x2f, 0x01, 0x03, 0x00, 0x02, 0x00, 0x00, 0x00, 0x00, 0x40, 0x00, 0x00, 0x00, 0x00, 0x00, 0x00, 
0x0b, 0x01, 0x17, 0x00, 0x0c, 0x01, 0x17, 0x00, 0x0a, 0x01, 0x17, 0x00, 0x06, 0x40, 0x00, 0x00, 
0x80, 0x01, 0x00, 0x00, 0x05, 0x40, 0x00, 0x00, 0x00, 0x0c, 0x00, 0x00, 0x09, 0x01, 0x0a, 0x00, 
0x10, 0x40, 0x00, 0x00, 0x00, 0x40, 0x02, 0x00, 0x13, 0x01, 0x7f, 0x00, 0x15, 0x40, 0x00, 0x00, 
0x00, 0x06, 0x00, 0x00, 0x18, 0x01, 0x0a, 0x00, 0x21, 0x01, 0x01, 0x00, 0x20, 0x01, 0x01, 0x00, 
0x22, 0x01, 0x03, 0x00, 0x15, 0x01, 0x03, 0x00, 0x17, 0x01, 0x7f, 0x00, 0x0d, 0x01, 0x12, 0x00, 
0x2d, 0x01, 0x1e, 0x00, 0x05, 0x00, 0x00, 0x00, 0x00, 0x40, 0x00, 0x00, 0x00, 0x40, 0x02, 0x00, 
0x0b, 0x01, 0x0b, 0x00, 0x0c, 0x01, 0x0b, 0x00, 0x0a, 0x01, 0x0b, 0x00, 0x06, 0x40, 0x00, 0x00, 
0xc0, 0x00, 0x00, 0x00, 0x05, 0x40, 0x00, 0x00, 0x00, 0x06, 0x00, 0x00, 0x10, 0x40, 0x00, 0x00, 
0x00, 0x20, 0x01, 0x00, 0x15, 0x40, 0x00, 0x00, 0x00, 0x0c, 0x00, 0x00, 0x14, 0x01, 0x41, 0x81, 
0x21, 0x01, 0x00, 0x00, 0x20, 0x01, 0x00, 0x00, 0x22, 0x01, 0x00, 0x00, 0x0d, 0x01, 0x0a, 0x00, 
0x24, 0x40, 0x1f, 0x00, 0x01, 0x00, 0x00, 0x80, 0x05, 0x00, 0x01, 0x00, 0x0f, 0x01, 0x00, 0x00, 
0x00, 0x40, 0x00, 0x00, 0xd0, 0x16, 0x02, 0x00, 0x06, 0x40, 0x00, 0x00, 0x01, 0x00, 0x00, 0x00, 
0x04, 0x40, 0x00, 0x00, 0x80, 0x00, 0x00, 0x00, 0x05, 0x01, 0x01, 0x00, 0x10, 0x40, 0x00, 0x00, 
0x00, 0x26, 0x01, 0x00, 0x05, 0x00, 0x01, 0x00, 0x25, 0x40, 0x0c, 0x00, 0x98, 0x78, 0xc8, 0x70, 
0x24, 0x40, 0x32, 0x00, 0xc0, 0x9d, 0x44, 0x78, 0x0f, 0x01, 0x01, 0x00, 0x00, 0x40, 0x00, 0x00, 
0x00, 0x20, 0x01, 0x00, 0x04, 0x01, 0xff, 0x00, 0x06, 0x40, 0x00, 0x00, 0xc0, 0x00, 0x00, 0x00, 
0x05, 0x40, 0x00, 0x00, 0x00, 0x0c, 0x00, 0x00, 0x04, 0x40, 0x00, 0x00, 0x10, 0x00, 0x00, 0x00, 
0x05, 0x01, 0x41, 0x02, 0x10, 0x40, 0x00, 0x00, 0x00, 0x20, 0x01, 0x00, 0x13, 0x01, 0xff, 0x00, 
0x18, 0x01, 0xf9, 0xff, 0x14, 0x01, 0x41, 0x01, 0x16, 0x01, 0x07, 0x00, 0x15, 0x01, 0x07, 0x00, 
0x0d, 0x01, 0x2e, 0x00, 0x2d, 0x01, 0x2e, 0x00, 0x80, 0x40, 0x00, 0x00, 0x00, 0xb0, 0x01, 0x00, 
0x8b, 0x01, 0x0b, 0x00, 0x8c, 0x01, 0x0b, 0x00, 0x8a, 0x01, 0x0b, 0x00, 0x86, 0x40, 0x00, 0x00, 
0xc0, 0x00, 0x00, 0x00, 0x89, 0x01, 0x0f, 0x00, 0x2f, 0x01, 0x00, 0x00, 0x06, 0x00, 0x01, 0x00, 
0x24, 0x40, 0x27, 0x00, 0x00, 0x38, 0x10, 0x6f, 0x09, 0x01, 0xf9, 0xff, 0x05, 0x01, 0x41, 0x00, 
0x10, 0x40, 0x00, 0x00, 0x00, 0x40, 0x02, 0x00, 0x18, 0x01, 0x16, 0x00, 0x26, 0x01, 0x16, 0x00, 
0x8f, 0x01, 0x00, 0x00, 0x80, 0x40, 0x00, 0x00, 0xd0, 0x5e, 0x02, 0x00, 0x8b, 0x01, 0x00, 0x00, 
0x8c, 0x01, 0x00, 0x00, 0x8a, 0x01, 0x00, 0x00, 0x86, 0x40, 0x00, 0x00, 0x01, 0x00, 0x00, 0x00, 
0x85, 0x40, 0x00, 0x00, 0x01, 0x00, 0x00, 0x00, 0x84, 0x40, 0x00, 0x00, 0x01, 0x00, 0x00, 0x00, 
0x89, 0x01, 0x7f, 0x00, 0x85, 0x01, 0x01, 0x00, 0x80, 0x01, 0x07, 0x00, 0x2f, 0x01, 0x03, 0x00, 
0x06, 0x00, 0x00, 0x00, 0x24, 0x40, 0x24, 0x00, 0x80, 0x3a, 0x91, 0x4b, 0x00, 0x40, 0x00, 0x00, 
0x00, 0x40, 0x02, 0x00, 0x09, 0x01, 0x16, 0x00, 0x18, 0x01, 0x33, 0x00, 0x26, 0x01, 0x80, 0xff, 
0x80, 0x40, 0x00, 0x00, 0xe0, 0x5e, 0x02, 0x00, 0x85, 0x40, 0x00, 0x00, 0x00, 0x01, 0x00, 0x00, 
0x84, 0x40, 0x00, 0x00, 0x00, 0x01, 0x00, 0x00, 0x89, 0x01, 0x1c, 0x00, 0x80, 0x01, 0x03, 0x00, 
0x06, 0x00, 0x00, 0x00, 0x00, 0x40, 0x00, 0x00, 0x00, 0x20, 0x01, 0x00, 0x09, 0x01, 0xf9, 0xff, 
0x10, 0x40, 0x00, 0x00, 0x00, 0xb0, 0x01, 0x00, 0x18, 0x01, 0x10, 0x00, 0x26, 0x01, 0x10, 0x00, 
0x16, 0x01, 0x03, 0x00, 0x15, 0x01, 0x03, 0x00, 0x0d, 0x01, 0x0a, 0x00, 0x2d, 0x01, 0x1e, 0x00, 
0x24, 0x40, 0x1f, 0x00, 0x80, 0x22, 0x28, 0x6a, 0x05, 0x00, 0x01, 0x00, 0x25, 0x40, 0x0c, 0x00, 
0xf7, 0x98, 0x14, 0x67, 0x24, 0x40, 0x31, 0x00, 0x00, 0x00, 0x00, 0x40, 0x00, 0x40, 0x00, 0x00, 
0x00, 0xb0, 0x01, 0x00, 0x09, 0x01, 0x10, 0x00, 0x05, 0x01, 0x41, 0x02, 0x26, 0x01, 0x80, 0xff, 
0x16, 0x01, 0x07, 0x00, 0x15, 0x01, 0x07, 0x00, 0x0d, 0x01, 0x2e, 0x00, 0x2d, 0x01, 0x2e, 0x00, 
0x8f, 0x01, 0x01, 0x00, 0x80, 0x40, 0x00, 0x00, 0x00, 0x40, 0x02, 0x00, 0x8b, 0x01, 0x0b, 0x00, 
0x8c, 0x01, 0x0b, 0x00, 0x8a, 0x01, 0x0b, 0x00, 0x86, 0x40, 0x00, 0x00, 0xc0, 0x00, 0x00, 0x00, 
0x85, 0x40, 0x00, 0x00, 0x00, 0x0c, 0x00, 0x00, 0x84, 0x40, 0x00, 0x00, 0x10, 0x00, 0x00, 0x00, 
0x89, 0x01, 0x33, 0x00, 0x85, 0x01, 0x41, 0x00, 0x80, 0x01, 0x00, 0x00, 0x06, 0x00, 0x01, 0x00, 
0x05, 0x01, 0x41, 0x00, 0x00, 0x01, 0x02, 0x00, 0x01, 0x01, 0x02, 0x00, 0x03, 0x01, 0x02, 0x00, 
0x02, 0x01, 0x02, 0x00, 0x10, 0x40, 0x00, 0x00, 0x00, 0x40, 0x02, 0x00, 0x18, 0x01, 0x06, 0x00, 
0x14, 0x01, 0x41, 0x00, 0x21, 0x01, 0x04, 0x00, 0x20, 0x01, 0x04, 0x00, 0x20, 0x40, 0x00, 0x00, 
0x30, 0x0c, 0x07, 0x00, 0x21, 0x40, 0x00, 0x00, 0xd0, 0x1b, 0x00, 0x00, 0x22, 0x40, 0x00, 0x00, 
0x30, 0x02, 0x07, 0x00, 0x16, 0x01, 0x0b, 0x00, 0x15, 0x01, 0x0b, 0x00, 0x17, 0x01, 0x0f, 0x00, 
0x0d, 0x01, 0x0a, 0x00, 0x2d, 0x01, 0x0e, 0x00, 0x2f, 0x01, 0x00, 0x00, 0x03, 0x00, 0x00, 0x00, 
0x00, 0x40, 0x00, 0x00, 0x00, 0x40, 0x02, 0x00, 0x09, 0x01, 0x06, 0x00, 0x00, 0x01, 0x00, 0x00, 
0x01, 0x01, 0x00, 0x00, 0x03, 0x01, 0x00, 0x00, 0x02, 0x01, 0x00, 0x00, 0x10, 0x40, 0x00, 0x00, 
0x00, 0x20, 0x01, 0x00, 0x18, 0x01, 0xfd, 0xff, 0x21, 0x01, 0x00, 0x00, 0x20, 0x01, 0x00, 0x00, 
0x20, 0x40, 0x00, 0x00, 0x00, 0x32, 0x07, 0x00, 0x21, 0x40, 0x00, 0x00, 0x00, 0xe8, 0x00, 0x00, 
0x22, 0x40, 0x00, 0x00, 0x00, 0x28, 0x07, 0x00, 0x16, 0x01, 0x03, 0x00, 0x17, 0x01, 0x3f, 0x00, 
0x2f, 0x01, 0x03, 0x00, 0x02, 0x00, 0x00, 0x00, 0x25, 0x40, 0x0c, 0x00, 0xaa, 0x3a, 0x95, 0x74, 
0x24, 0x40, 0x31, 0x00, 0x10, 0x80, 0x44, 0x46, 0x00, 0x40, 0x00, 0x00, 0x00, 0xb0, 0x01, 0x00, 
0x09, 0x01, 0x10, 0x00, 0x05, 0x01, 0x41, 0x02, 0x14, 0x01, 0x41, 0x01, 0x16, 0x01, 0x07, 0x00, 
0x15, 0x01, 0x07, 0x00, 0x17, 0x01, 0x7f, 0x00, 0x0d, 0x01, 0x2e, 0x00, 0x2d, 0x01, 0x2e, 0x00, 
0x80, 0x40, 0x00, 0x00, 0x00, 0x20, 0x01, 0x00, 0x89, 0x01, 0xfd, 0xff, 0x06, 0x00, 0x01, 0x00, 
0x24, 0x40, 0x27, 0x00, 0x80, 0x79, 0xf8, 0x64, 0x00, 0x40, 0x00, 0x00, 0x00, 0x20, 0x01, 0x00, 
0x09, 0x01, 0xfd, 0xff, 0x05, 0x01, 0x41, 0x00, 0x10, 0x40, 0x00, 0x00, 0x00, 0x40, 0x02, 0x00, 
0x18, 0x01, 0x1c, 0x00, 0x26, 0x01, 0x1c, 0x00, 0x8f, 0x01, 0x00, 0x00, 0x80, 0x40, 0x00, 0x00, 
0xe0, 0x73, 0x02, 0x00, 0x8b, 0x01, 0x00, 0x00, 0x8c, 0x01, 0x00, 0x00, 0x8a, 0x01, 0x00, 0x00, 
0x86, 0x40, 0x00, 0x00, 0x01, 0x00, 0x00, 0x00, 0x85, 0x40, 0x00, 0x00, 0x01, 0x00, 0x00, 0x00, 
0x84, 0x40, 0x00, 0x00, 0x01, 0x00, 0x00, 0x00, 0x89, 0x01, 0x7f, 0x00, 0x85, 0x01, 0x01, 0x00, 
0x80, 0x01, 0x07, 0x00, 0x06, 0x00, 0x00, 0x00, 0x24, 0x40, 0x24, 0x00, 0x80, 0xc7, 0xac, 0x47, 
0x00, 0x40, 0x00, 0x00, 0x00, 0x40, 0x02, 0x00, 0x09, 0x01, 0x1c, 0x00, 0x18, 0x01, 0x5c, 0x00, 
0x26, 0x01, 0x80, 0xff, 0x80, 0x40, 0x00, 0x00, 0xf0, 0x73, 0x02, 0x00, 0x85, 0x40, 0x00, 0x00, 
0x00, 0x01, 0x00, 0x00, 0x84, 0x40, 0x00, 0x00, 0x00, 0x01, 0x00, 0x00, 0x89, 0x01, 0x10, 0x00, 
0x80, 0x01, 0x03, 0x00, 0x06, 0x00, 0x00, 0x00, 0x00, 0x40, 0x00, 0x00, 0x00, 0x20, 0x01, 0x00, 
0x09, 0x01, 0xfd, 0xff, 0x10, 0x40, 0x00, 0x00, 0x00, 0xb0, 0x01, 0x00, 0x18, 0x01, 0x1a, 0x00, 
0x26, 0x01, 0x1a, 0x00, 0x16, 0x01, 0x03, 0x00, 0x15, 0x01, 0x03, 0x00, 0x0d, 0x01, 0x0a, 0x00, 
0x2d, 0x01, 0x1e, 0x00, 0x24, 0x40, 0x1f, 0x00, 0x00, 0x36, 0x4a, 0x63, 0x05, 0x00, 0x01, 0x00, 
0x25, 0x40, 0x0c, 0x00, 0x47, 0x7f, 0xbd, 0x59, 0x24, 0x40, 0x31, 0x00, 0x00, 0x00, 0x00, 0x40, 
0x00, 0x40, 0x00, 0x00, 0x00, 0xb0, 0x01, 0x00, 0x09, 0x01, 0x1a, 0x00, 0x05, 0x01, 0x41, 0x02, 
0x26, 0x01, 0x80, 0xff, 0x16, 0x01, 0x07, 0x00, 0x15, 0x01, 0x07, 0x00, 0x0d, 0x01, 0x2e, 0x00, 
0x2d, 0x01, 0x2e, 0x00, 0x8f, 0x01, 0x01, 0x00, 0x80, 0x40, 0x00, 0x00, 0x00, 0x40, 0x02, 0x00, 
0x8b, 0x01, 0x0b, 0x00, 0x8c, 0x01, 0x0b, 0x00, 0x8a, 0x01, 0x0b, 0x00, 0x86, 0x40, 0x00, 0x00, 
0xc0, 0x00, 0x00, 0x00, 0x85, 0x40, 0x00, 0x00, 0x00, 0x0c, 0x00, 0x00, 0x84, 0x40, 0x00, 0x00, 
0x10, 0x00, 0x00, 0x00, 0x89, 0x01, 0x5c, 0x00, 0x85, 0x01, 0x41, 0x00, 0x80, 0x01, 0x00, 0x00, 
0x06, 0x00, 0x01, 0x00, 0x05, 0x01, 0x41, 0x00, 0x00, 0x01, 0x02, 0x00, 0x01, 0x01, 0x02, 0x00, 
0x03, 0x01, 0x02, 0x00, 0x02, 0x01, 0x02, 0x00, 0x10, 0x40, 0x00, 0x00, 0x00, 0x40, 0x02, 0x00, 
0x18, 0x01, 0xd9, 0xff, 0x14, 0x01, 0x41, 0x00, 0x21, 0x01, 0x04, 0x00, 0x20, 0x01, 0x04, 0x00, 
0x20, 0x40, 0x00, 0x00, 0x00, 0x24, 0x08, 0x00, 0x21, 0x40, 0x00, 0x00, 0x80, 0x1b, 0x00, 0x00, 
0x22, 0x40, 0x00, 0x00, 0x00, 0x1a, 0x08, 0x00, 0x16, 0x01, 0x0b, 0x00, 0x15, 0x01, 0x0b, 0x00, 
0x17, 0x01, 0x0f, 0x00, 0x0d, 0x01, 0x0a, 0x00, 0x2d, 0x01, 0x0e, 0x00, 0x2f, 0x01, 0x00, 0x00, 
0x03, 0x00, 0x00, 0x00, 0x00, 0x40, 0x00, 0x00, 0x00, 0x40, 0x02, 0x00, 0x09, 0x01, 0xd9, 0xff, 
0x00, 0x01, 0x00, 0x00, 0x01, 0x01, 0x00, 0x00, 0x03, 0x01, 0x00, 0x00, 0x02, 0x01, 0x00, 0x00, 
0x10, 0x40, 0x00, 0x00, 0x00, 0x20, 0x01, 0x00, 0x18, 0x01, 0x1d, 0x00, 0x21, 0x01, 0x00, 0x00, 
0x20, 0x01, 0x00, 0x00, 0x20, 0x40, 0x00, 0x00, 0x80, 0x49, 0x08, 0x00, 0x21, 0x40, 0x00, 0x00, 
0x50, 0xe8, 0x00, 0x00, 0x22, 0x40, 0x00, 0x00, 0x80, 0x3f, 0x08, 0x00, 0x16, 0x01, 0x03, 0x00, 
0x17, 0x01, 0x3f, 0x00, 0x2f, 0x01, 0x03, 0x00, 0x02, 0x00, 0x00, 0x00, 0x25, 0x40, 0x0c, 0x00, 
0x56, 0x0a, 0x52, 0x75, 0x00, 0x40, 0x00, 0x00, 0x00, 0xb0, 0x01, 0x00, 0x09, 0x01, 0x1a, 0x00, 
0x05, 0x01, 0x41, 0x01, 0x14, 0x01, 0x41, 0x01, 0x16, 0x01, 0x07, 0x00, 0x15, 0x01, 0x07, 0x00, 
0x17, 0x01, 0x7f, 0x00, 0x0d, 0x01, 0x2e, 0x00, 0x2d, 0x01, 0x2e, 0x00, 0x80, 0x40, 0x00, 0x00, 
0x00, 0x20, 0x01, 0x00, 0x89, 0x01, 0x1d, 0x00, 0x06, 0x00, 0x01, 0x00, 0x24, 0x40, 0x26, 0x00, 
0x80, 0x2b, 0x60, 0x43, 0x00, 0x40, 0x00, 0x00, 0x00, 0x20, 0x01, 0x00, 0x09, 0x01, 0x1d, 0x00, 
0x05, 0x01, 0x41, 0x00, 0x10, 0x40, 0x00, 0x00, 0x00, 0x40, 0x02, 0x00, 0x18, 0x01, 0xda, 0xff, 
0x26, 0x01, 0xda, 0xff, 0x8f, 0x01, 0x00, 0x00, 0x80, 0x40, 0x00, 0x00, 0xf0, 0x88, 0x02, 0x00, 
0x8b, 0x01, 0x00, 0x00, 0x8c, 0x01, 0x00, 0x00, 0x8a, 0x01, 0x00, 0x00, 0x86, 0x40, 0x00, 0x00, 
0x01, 0x00, 0x00, 0x00, 0x85, 0x40, 0x00, 0x00, 0x01, 0x00, 0x00, 0x00, 0x84, 0x40, 0x00, 0x00, 
0x01, 0x00, 0x00, 0x00, 0x89, 0x01, 0x7f, 0x00, 0x85, 0x01, 0x01, 0x00, 0x80, 0x01, 0x07, 0x00, 
0x06, 0x00, 0x00, 0x00, 0x24, 0x40, 0x23, 0x00, 0x00, 0x93, 0x19, 0x41, 0x00, 0x40, 0x00, 0x00, 
0x00, 0x40, 0x02, 0x00, 0x09, 0x01, 0xda, 0xff, 0x18, 0x01, 0x3d, 0x00, 0x26, 0x01, 0x80, 0xff, 
0x80, 0x40, 0x00, 0x00, 0x00, 0x89, 0x02, 0x00, 0x85, 0x40, 0x00, 0x00, 0x00, 0x01, 0x00, 0x00, 
0x84, 0x40, 0x00, 0x00, 0x00, 0x01, 0x00, 0x00, 0x89, 0x01, 0x33, 0x00, 0x80, 0x01, 0x03, 0x00, 
0x06, 0x00, 0x00, 0x00, 0x00, 0x40, 0x00, 0x00, 0x00, 0x20, 0x01, 0x00, 0x09, 0x01, 0x1d, 0x00, 
0x10, 0x40, 0x00, 0x00, 0x00, 0xb0, 0x01, 0x00, 0x18, 0x01, 0xf7, 0xff, 0x26, 0x01, 0xf7, 0xff, 
0x16, 0x01, 0x03, 0x00, 0x15, 0x01, 0x03, 0x00, 0x0d, 0x01, 0x0a, 0x00, 0x2d, 0x01, 0x1e, 0x00, 
0x24, 0x40, 0x1e, 0x00, 0x00, 0x55, 0xb6, 0x58, 0x05, 0x00, 0x01, 0x00, 0x25, 0x40, 0x0c, 0x00, 
0xa8, 0xf9, 0xb8, 0x50, 0x24, 0x40, 0x31, 0x00, 0x00, 0x00, 0x00, 0x40, 0x00, 0x40, 0x00, 0x00, 
0x00, 0xb0, 0x01, 0x00, 0x09, 0x01, 0xf7, 0xff, 0x05, 0x01, 0x41, 0x02, 0x26, 0x01, 0x80, 0xff, 
0x16, 0x01, 0x07, 0x00, 0x15, 0x01, 0x07, 0x00, 0x0d, 0x01, 0x2e, 0x00, 0x2d, 0x01, 0x2e, 0x00, 
0x8f, 0x01, 0x01, 0x00, 0x80, 0x40, 0x00, 0x00, 0x00, 0x40, 0x02, 0x00, 0x8b, 0x01, 0x0b, 0x00, 
0x8c, 0x01, 0x0b, 0x00, 0x8a, 0x01, 0x0b, 0x00, 0x86, 0x40, 0x00, 0x00, 0xc0, 0x00, 0x00, 0x00, 
0x85, 0x40, 0x00, 0x00, 0x00, 0x0c, 0x00, 0x00, 0x84, 0x40, 0x00, 0x00, 0x10, 0x00, 0x00, 0x00, 
0x89, 0x01, 0x3d, 0x00, 0x85, 0x01, 0x41, 0x00, 0x80, 0x01, 0x00, 0x00, 0x06, 0x00, 0x01, 0x00, 
0x05, 0x01, 0x41, 0x00, 0x00, 0x01, 0x02, 0x00, 0x01, 0x01, 0x02, 0x00, 0x03, 0x01, 0x02, 0x00, 
0x02, 0x01, 0x02, 0x00, 0x10, 0x40, 0x00, 0x00, 0x00, 0x40, 0x02, 0x00, 0x18, 0x01, 0x04, 0x00, 
0x14, 0x01, 0x41, 0x00, 0x21, 0x01, 0x04, 0x00, 0x20, 0x01, 0x04, 0x00, 0x20, 0x40, 0x00, 0x00, 
0xd0, 0x3b, 0x09, 0x00, 0x21, 0x40, 0x00, 0x00, 0xd0, 0x1b, 0x00, 0x00, 0x22, 0x40, 0x00, 0x00, 
0xd0, 0x31, 0x09, 0x00, 0x16, 0x01, 0x0b, 0x00, 0x15, 0x01, 0x0b, 0x00, 0x17, 0x01, 0x0f, 0x00, 
0x0d, 0x01, 0x0a, 0x00, 0x2d, 0x01, 0x0e, 0x00, 0x2f, 0x01, 0x00, 0x00, 0x03, 0x00, 0x00, 0x00, 
0x00, 0x40, 0x00, 0x00, 0x00, 0x40, 0x02, 0x00, 0x09, 0x01, 0x04, 0x00, 0x00, 0x01, 0x00, 0x00, 
0x01, 0x01, 0x00, 0x00, 0x03, 0x01, 0x00, 0x00, 0x02, 0x01, 0x00, 0x00, 0x10, 0x40, 0x00, 0x00, 
0x00, 0x20, 0x01, 0x00, 0x18, 0x01, 0xf7, 0xff, 0x21, 0x01, 0x00, 0x00, 0x20, 0x01, 0x00, 0x00, 
0x20, 0x40, 0x00, 0x00, 0xa0, 0x61, 0x09, 0x00, 0x21, 0x40, 0x00, 0x00, 0xc0, 0xea, 0x00, 0x00, 
0x22, 0x40, 0x00, 0x00, 0xa0, 0x57, 0x09, 0x00, 0x16, 0x01, 0x03, 0x00, 0x17, 0x01, 0x3f, 0x00, 
0x2f, 0x01, 0x03, 0x00, 0x02, 0x00, 0x00, 0x00, 0x25, 0x40, 0x0c, 0x00, 0x0f, 0x56, 0xcb, 0x7e, 
0x24, 0x40, 0x31, 0x00, 0xac, 0xcc, 0x9b, 0x40, 0x00, 0x40, 0x00, 0x00, 0x00, 0xb0, 0x01, 0x00, 
0x09, 0x01, 0xf7, 0xff, 0x05, 0x01, 0x41, 0x02, 0x14, 0x01, 0x41, 0x01, 0x16, 0x01, 0x07, 0x00, 
0x15, 0x01, 0x07, 0x00, 0x17, 0x01, 0x7f, 0x00, 0x0d, 0x01, 0x2e, 0x00, 0x2d, 0x01, 0x2e, 0x00, 
0x80, 0x40, 0x00, 0x00, 0x00, 0x20, 0x01, 0x00, 0x89, 0x01, 0xf7, 0xff, 0x06, 0x00, 0x01, 0x00, 
0x24, 0x40, 0x26, 0x00, 0x00, 0x24, 0x21, 0x54, 0x00, 0x40, 0x00, 0x00, 0x00, 0x20, 0x01, 0x00, 
0x05, 0x01, 0x41, 0x00, 0x10, 0x40, 0x00, 0x00, 0x00, 0x40, 0x02, 0x00, 0x18, 0x01, 0xe3, 0xff, 
0x26, 0x01, 0xe3, 0xff, 0x8f, 0x01, 0x00, 0x00, 0x80, 0x40, 0x00, 0x00, 0x00, 0x9e, 0x02, 0x00, 
0x8b, 0x01, 0x00, 0x00, 0x8c, 0x01, 0x00, 0x00, 0x8a, 0x01, 0x00, 0x00, 0x86, 0x40, 0x00, 0x00, 
0x01, 0x00, 0x00, 0x00, 0x85, 0x40, 0x00, 0x00, 0x01, 0x00, 0x00, 0x00, 0x84, 0x40, 0x00, 0x00, 
0x01, 0x00, 0x00, 0x00, 0x89, 0x01, 0x7f, 0x00, 0x85, 0x01, 0x01, 0x00, 0x80, 0x01, 0x07, 0x00, 
0x06, 0x00, 0x00, 0x00, 0x24, 0x40, 0x24, 0x00, 0x80, 0xc1, 0x06, 0x71, 0x00, 0x40, 0x00, 0x00, 
0x00, 0x40, 0x02, 0x00, 0x09, 0x01, 0xe3, 0xff, 0x18, 0x01, 0x40, 0x00, 0x26, 0x01, 0x80, 0xff, 
0x80, 0x40, 0x00, 0x00, 0x10, 0x9e, 0x02, 0x00, 0x85, 0x40, 0x00, 0x00, 0x00, 0x01, 0x00, 0x00, 
0x84, 0x40, 0x00, 0x00, 0x00, 0x01, 0x00, 0x00, 0x89, 0x01, 0x23, 0x00, 0x80, 0x01, 0x03, 0x00, 
0x06, 0x00, 0x00, 0x00, 0x00, 0x40, 0x00, 0x00, 0x00, 0x20, 0x01, 0x00, 0x09, 0x01, 0xf7, 0xff, 
0x10, 0x40, 0x00, 0x00, 0x00, 0xb0, 0x01, 0x00, 0x18, 0x01, 0xdb, 0xff, 0x26, 0x01, 0xdb, 0xff, 
0x16, 0x01, 0x03, 0x00, 0x15, 0x01, 0x03, 0x00, 0x0d, 0x01, 0x0a, 0x00, 0x2d, 0x01, 0x1e, 0x00, 
0x24, 0x40, 0x1e, 0x00, 0x80, 0x4f, 0x03, 0x4d, 0x05, 0x00, 0x01, 0x00, 0x25, 0x40, 0x0d, 0x00, 
0x74, 0x44, 0xa8, 0x79, 0x24, 0x40, 0x31, 0x00, 0x00, 0x00, 0x00, 0x40, 0x00, 0x40, 0x00, 0x00, 
0x00, 0xb0, 0x01, 0x00, 0x09, 0x01, 0xdb, 0xff, 0x05, 0x01, 0x41, 0x02, 0x26, 0x01, 0x80, 0xff, 
0x16, 0x01, 0x07, 0x00, 0x15, 0x01, 0x07, 0x00, 0x0d, 0x01, 0x2e, 0x00, 0x2d, 0x01, 0x2e, 0x00, 
0x8f, 0x01, 0x01, 0x00, 0x80, 0x40, 0x00, 0x00, 0x00, 0x40, 0x02, 0x00, 0x8b, 0x01, 0x0b, 0x00, 
0x8c, 0x01, 0x0b, 0x00, 0x8a, 0x01, 0x0b, 0x00, 0x86, 0x40, 0x00, 0x00, 0xc0, 0x00, 0x00, 0x00, 
0x85, 0x40, 0x00, 0x00, 0x00, 0x0c, 0x00, 0x00, 0x84, 0x40, 0x00, 0x00, 0x10, 0x00, 0x00, 0x00, 
0x89, 0x01, 0x40, 0x00, 0x85, 0x01, 0x41, 0x00, 0x80, 0x01, 0x00, 0x00, 0x06, 0x00, 0x01, 0x00, 
0x05, 0x01, 0x41, 0x00, 0x00, 0x01, 0x02, 0x00, 0x01, 0x01, 0x02, 0x00, 0x03, 0x01, 0x02, 0x00, 
0x02, 0x01, 0x02, 0x00, 0x10, 0x40, 0x00, 0x00, 0x00, 0x20, 0x01, 0x00, 0x18, 0x01, 0x10, 0x00, 
0x14, 0x01, 0x41, 0x00, 0x21, 0x01, 0x04, 0x00, 0x20, 0x01, 0x04, 0x00, 0x20, 0x40, 0x00, 0x00, 
0x60, 0x56, 0x0a, 0x00, 0x21, 0x40, 0x00, 0x00, 0x90, 0x1b, 0x00, 0x00, 0x22, 0x40, 0x00, 0x00, 
0x60, 0x4c, 0x0a, 0x00, 0x16, 0x01, 0x0b, 0x00, 0x15, 0x01, 0x0b, 0x00, 0x17, 0x01, 0x0f, 0x00, 
0x0d, 0x01, 0x0a, 0x00, 0x2d, 0x01, 0x0e, 0x00, 0x2f, 0x01, 0x00, 0x00, 0x03, 0x00, 0x00, 0x00, 
0x00, 0x40, 0x00, 0x00, 0x00, 0x20, 0x01, 0x00, 0x09, 0x01, 0x10, 0x00, 0x00, 0x01, 0x00, 0x00, 
0x01, 0x01, 0x00, 0x00, 0x03, 0x01, 0x00, 0x00, 0x02, 0x01, 0x00, 0x00, 0x10, 0x40, 0x00, 0x00, 
0x00, 0x40, 0x02, 0x00, 0x18, 0x01, 0xfc, 0xff, 0x21, 0x01, 0x00, 0x00, 0x20, 0x01, 0x00, 0x00, 
0x20, 0x40, 0x00, 0x00, 0xf0, 0x7b, 0x0a, 0x00, 0x21, 0x40, 0x00, 0x00, 0xa0, 0xe9, 0x00, 0x00, 
0x22, 0x40, 0x00, 0x00, 0xf0, 0x71, 0x0a, 0x00, 0x16, 0x01, 0x03, 0x00, 0x17, 0x01, 0x3f, 0x00, 
0x2f, 0x01, 0x03, 0x00, 0x02, 0x00, 0x00, 0x00, 0x25, 0x40, 0x0c, 0x00, 0x2e, 0x22, 0x50, 0x6a, 
0x24, 0x40, 0x31, 0x00, 0x2f, 0x2d, 0x99, 0x41, 0x00, 0x40, 0x00, 0x00, 0x00, 0xb0, 0x01, 0x00, 
0x09, 0x01, 0xdb, 0xff, 0x05, 0x01, 0x41, 0x01, 0x18, 0x01, 0xf9, 0xff, 0x14, 0x01, 0x41, 0x01, 
0x16, 0x01, 0x07, 0x00, 0x15, 0x01, 0x07, 0x00, 0x17, 0x01, 0x7f, 0x00, 0x0d, 0x01, 0x2e, 0x00, 
0x2d, 0x01, 0x2e, 0x00, 0x89, 0x01, 0xfc, 0xff, 0x06, 0x00, 0x01, 0x00, 0x24, 0x40, 0x26, 0x00, 
0x00, 0xb8, 0x7e, 0x59, 0x00, 0x40, 0x00, 0x00, 0x00, 0x40, 0x02, 0x00, 0x09, 0x01, 0xf9, 0xff, 
0x05, 0x01, 0x41, 0x00, 0x10, 0x40, 0x00, 0x00, 0x00, 0xb0, 0x01, 0x00, 0x18, 0x01, 0xd7, 0xff, 
0x26, 0x01, 0xd7, 0xff, 0x8f, 0x01, 0x00, 0x00, 0x80, 0x40, 0x00, 0x00, 0x10, 0xb3, 0x02, 0x00, 
0x8b, 0x01, 0x00, 0x00, 0x8c, 0x01, 0x00, 0x00, 0x8a, 0x01, 0x00, 0x00, 0x86, 0x40, 0x00, 0x00, 
0x01, 0x00, 0x00, 0x00, 0x85, 0x40, 0x00, 0x00, 0x01, 0x00, 0x00, 0x00, 0x84, 0x40, 0x00, 0x00, 
0x01, 0x00, 0x00, 0x00, 0x89, 0x01, 0x7f, 0x00, 0x85, 0x01, 0x01, 0x00, 0x80, 0x01, 0x07, 0x00, 
0x06, 0x00, 0x00, 0x00, 0x24, 0x40, 0x24, 0x00, 0x00, 0x95, 0x08, 0x7f, 0x00, 0x40, 0x00, 0x00, 
0x00, 0xb0, 0x01, 0x00, 0x09, 0x01, 0xd7, 0xff, 0x18, 0x01, 0x04, 0x00, 0x26, 0x01, 0x80, 0xff, 
0x80, 0x40, 0x00, 0x00, 0x20, 0xb3, 0x02, 0x00, 0x85, 0x40, 0x00, 0x00, 0x00, 0x01, 0x00, 0x00, 
0x84, 0x40, 0x00, 0x00, 0x00, 0x01, 0x00, 0x00, 0x89, 0x01, 0x30, 0x00, 0x80, 0x01, 0x03, 0x00, 
0x06, 0x00, 0x00, 0x00, 0x00, 0x40, 0x00, 0x00, 0x00, 0x40, 0x02, 0x00, 0x09, 0x01, 0xf9, 0xff, 
0x10, 0x40, 0x00, 0x00, 0x00, 0x20, 0x01, 0x00, 0x18, 0x01, 0xd1, 0xff, 0x26, 0x01, 0xd1, 0xff, 
0x16, 0x01, 0x03, 0x00, 0x15, 0x01, 0x03, 0x00, 0x0d, 0x01, 0x0a, 0x00, 0x2d, 0x01, 0x1e, 0x00, 
0x24, 0x40, 0x1e, 0x00, 0x00, 0xf0, 0xe9, 0x52, 0x05, 0x00, 0x01, 0x00, 0x25, 0x40, 0x0c, 0x00, 
0xb6, 0xd2, 0x4b, 0x4e, 0x24, 0x40, 0x31, 0x00, 0x00, 0x00, 0x00, 0x40, 0x00, 0x40, 0x00, 0x00, 
0x00, 0x20, 0x01, 0x00, 0x09, 0x01, 0xd1, 0xff, 0x05, 0x01, 0x41, 0x02, 0x26, 0x01, 0x80, 0xff, 
0x16, 0x01, 0x07, 0x00, 0x15, 0x01, 0x07, 0x00, 0x0d, 0x01, 0x2e, 0x00, 0x2d, 0x01, 0x2e, 0x00, 
0x8f, 0x01, 0x01, 0x00, 0x80, 0x40, 0x00, 0x00, 0x00, 0xb0, 0x01, 0x00, 0x8b, 0x01, 0x0b, 0x00, 
0x8c, 0x01, 0x0b, 0x00, 0x8a, 0x01, 0x0b, 0x00, 0x86, 0x40, 0x00, 0x00, 0xc0, 0x00, 0x00, 0x00, 
0x85, 0x40, 0x00, 0x00, 0x00, 0x0c, 0x00, 0x00, 0x84, 0x40, 0x00, 0x00, 0x10, 0x00, 0x00, 0x00, 
0x89, 0x01, 0x04, 0x00, 0x85, 0x01, 0x41, 0x00, 0x80, 0x01, 0x00, 0x00, 0x06, 0x00, 0x01, 0x00, 
0x05, 0x01, 0x41, 0x00, 0x00, 0x01, 0x01, 0x00, 0x01, 0x01, 0x01, 0x00, 0x03, 0x01, 0x02, 0x00, 
0x02, 0x01, 0x02, 0x00, 0x10, 0x40, 0x00, 0x00, 0x00, 0xb0, 0x01, 0x00, 0x1b, 0x01, 0x05, 0x00, 
0x1c, 0x01, 0x05, 0x00, 0x1a, 0x01, 0x05, 0x00, 0x12, 0x01, 0x05, 0x00, 0x11, 0x01, 0x05, 0x00, 
0x16, 0x40, 0x00, 0x00, 0x60, 0x00, 0x00, 0x00, 0x15, 0x40, 0x00, 0x00, 0x00, 0x06, 0x00, 0x00, 
0x18, 0x01, 0x20, 0x00, 0x14, 0x01, 0x41, 0x00, 0x21, 0x01, 0x04, 0x00, 0x20, 0x01, 0x04, 0x00, 
0x22, 0x01, 0x03, 0x00, 0x20, 0x40, 0x00, 0x00, 0x90, 0x6f, 0x0b, 0x00, 0x21, 0x40, 0x00, 0x00, 
0xd0, 0x1a, 0x00, 0x00, 0x22, 0x40, 0x00, 0x00, 0x90, 0x65, 0x0b, 0x00, 0x16, 0x01, 0x05, 0x00, 
0x15, 0x01, 0x05, 0x00, 0x17, 0x01, 0x0f, 0x00, 0x0d, 0x01, 0x0a, 0x00, 0x2d, 0x01, 0x1e, 0x00, 
0x2f, 0x01, 0x00, 0x00, 0x03, 0x00, 0x00, 0x00, 0x00, 0x40, 0x00, 0x00, 0x00, 0xb0, 0x01, 0x00, 
0x0b, 0x01, 0x05, 0x00, 0x0c, 0x01, 0x05, 0x00, 0x0a, 0x01, 0x05, 0x00, 0x06, 0x40, 0x00, 0x00, 
0x60, 0x00, 0x00, 0x00, 0x05, 0x40, 0x00, 0x00, 0x00, 0x06, 0x00, 0x00, 0x09, 0x01, 0x20, 0x00, 
0x00, 0x01, 0x00, 0x00, 0x01, 0x01, 0x00, 0x00, 0x03, 0x01, 0x00, 0x00, 0x02, 0x01, 0x00, 0x00, 
0x10, 0x40, 0x00, 0x00, 0x00, 0xd4, 0x01, 0x00, 0x18, 0x01, 0x0f, 0x00, 0x21, 0x01, 0x00, 0x00, 
0x20, 0x01, 0x00, 0x00, 0x22, 0x01, 0x00, 0x00, 0x20, 0x40, 0x00, 0x00, 0x60, 0x94, 0x0b, 0x00, 
0x21, 0x40, 0x00, 0x00, 0xf0, 0xee, 0x00, 0x00, 0x22, 0x40, 0x00, 0x00, 0x60, 0x8a, 0x0b, 0x00, 
0x17, 0x01, 0x5f, 0x00, 0x2d, 0x01, 0x0e, 0x00, 0x2f, 0x01, 0x03, 0x00, 0x02, 0x00, 0x00, 0x00, 
0x00, 0x40, 0x00, 0x00, 0x00, 0x20, 0x01, 0x00, 0x0b, 0x01, 0x0b, 0x00, 0x0c, 0x01, 0x0b, 0x00, 
0x0a, 0x01, 0x0b, 0x00, 0x06, 0x40, 0x00, 0x00, 0xc0, 0x00, 0x00, 0x00, 0x05, 0x40, 0x00, 0x00, 
0x00, 0x0c, 0x00, 0x00, 0x09, 0x01, 0xd1, 0xff, 0x10, 0x40, 0x00, 0x00, 0x00, 0xb0, 0x01, 0x00, 
0x18, 0x01, 0xd1, 0xff, 0x21, 0x01, 0x01, 0x00, 0x20, 0x01, 0x01, 0x00, 0x22, 0x01, 0x03, 0x00, 
0x16, 0x01, 0x03, 0x00, 0x15, 0x01, 0x03, 0x00, 0x17, 0x01, 0x7f, 0x00, 0x0d, 0x01, 0x12, 0x00, 
0x2d, 0x01, 0x1e, 0x00, 0x05, 0x00, 0x00, 0x00, 0x25, 0x40, 0x0e, 0x00, 0x94, 0x21, 0xbe, 0x7d, 
0x24, 0x40, 0x32, 0x00, 0x56, 0x04, 0xe2, 0x7b, 0x00, 0x40, 0x00, 0x00, 0x00, 0xb0, 0x01, 0x00, 
0x0b, 0x01, 0x05, 0x00, 0x0c, 0x01, 0x05, 0x00, 0x0a, 0x01, 0x05, 0x00, 0x06, 0x40, 0x00, 0x00, 
0x60, 0x00, 0x00, 0x00, 0x05, 0x40, 0x00, 0x00, 0x00, 0x06, 0x00, 0x00, 0x05, 0x01, 0x41, 0x01, 
0x18, 0x01, 0x0b, 0x00, 0x14, 0x01, 0x41, 0x01, 0x16, 0x01, 0x05, 0x00, 0x15, 0x01, 0x05, 0x00, 
0x0d, 0x01, 0x2e, 0x00, 0x2d, 0x01, 0x2e, 0x00, 0x80, 0x40, 0x00, 0x00, 0x00, 0xd4, 0x01, 0x00, 
0x8b, 0x01, 0x05, 0x00, 0x8c, 0x01, 0x05, 0x00, 0x8a, 0x01, 0x05, 0x00, 0x86, 0x40, 0x00, 0x00, 
0x60, 0x00, 0x00, 0x00, 0x85, 0x40, 0x00, 0x00, 0x00, 0x06, 0x00, 0x00, 0x89, 0x01, 0x0f, 0x00, 
0x2f, 0x01, 0x00, 0x00, 0x06, 0x00, 0x01, 0x00, 0x24, 0x40, 0x27, 0x00, 0x80, 0x11, 0x12, 0x6c, 
0x09, 0x01, 0x0b, 0x00, 0x05, 0x01, 0x41, 0x00, 0x10, 0x40, 0x00, 0x00, 0x00, 0xf8, 0x01, 0x00, 
0x18, 0x01, 0x0a, 0x00, 0x26, 0x01, 0x0a, 0x00, 0x8f, 0x01, 0x00, 0x00, 0x80, 0x40, 0x00, 0x00, 
0x20, 0xc8, 0x02, 0x00, 0x8b, 0x01, 0x00, 0x00, 0x8c, 0x01, 0x00, 0x00, 0x8a, 0x01, 0x00, 0x00, 
0x86, 0x40, 0x00, 0x00, 0x01, 0x00, 0x00, 0x00, 0x85, 0x40, 0x00, 0x00, 0x01, 0x00, 0x00, 0x00, 
0x84, 0x40, 0x00, 0x00, 0x01, 0x00, 0x00, 0x00, 0x89, 0x01, 0x7f, 0x00, 0x85, 0x01, 0x01, 0x00, 
0x80, 0x01, 0x07, 0x00, 0x06, 0x00, 0x00, 0x00, 0x24, 0x40, 0x24, 0x00, 0x80, 0x0e, 0x9c, 0x66, 
0x00, 0x40, 0x00, 0x00, 0x00, 0xf8, 0x01, 0x00, 0x09, 0x01, 0x0a, 0x00, 0x18, 0x01, 0x2f, 0x00, 
0x26, 0x01, 0x80, 0xff, 0x80, 0x40, 0x00, 0x00, 0x30, 0xc8, 0x02, 0x00, 0x85, 0x40, 0x00, 0x00, 
0x00, 0x01, 0x00, 0x00, 0x84, 0x40, 0x00, 0x00, 0x00, 0x01, 0x00, 0x00, 0x89, 0x01, 0x0b, 0x00, 
0x80, 0x01, 0x03, 0x00, 0x06, 0x00, 0x00, 0x00, 0x00, 0x40, 0x00, 0x00, 0x00, 0xb0, 0x01, 0x00, 
0x09, 0x01, 0x0b, 0x00, 0x10, 0x40, 0x00, 0x00, 0x00, 0xd4, 0x01, 0x00, 0x18, 0x01, 0x15, 0x00, 
0x21, 0x01, 0x00, 0x00, 0x20, 0x01, 0x00, 0x00, 0x22, 0x01, 0x00, 0x00, 0x26, 0x01, 0x15, 0x00, 
0x16, 0x01, 0x03, 0x00, 0x15, 0x01, 0x03, 0x00, 0x0d, 0x01, 0x0a, 0x00, 0x2d, 0x01, 0x1e, 0x00, 
0x24, 0x40, 0x1f, 0x00, 0x00, 0xda, 0x98, 0x74, 0x2f, 0x01, 0x03, 0x00, 0x05, 0x00, 0x01, 0x00, 
0x25, 0x40, 0x0c, 0x00, 0xd7, 0x4b, 0x47, 0x6d, 0x24, 0x40, 0x31, 0x00, 0x00, 0x00, 0x00, 0x40, 
0x00, 0x40, 0x00, 0x00, 0x00, 0xd4, 0x01, 0x00, 0x09, 0x01, 0x15, 0x00, 0x05, 0x01, 0x41, 0x02, 
0x26, 0x01, 0x80, 0xff, 0x16, 0x01, 0x05, 0x00, 0x15, 0x01, 0x05, 0x00, 0x0d, 0x01, 0x2e, 0x00, 
0x2d, 0x01, 0x2e, 0x00, 0x8f, 0x01, 0x01, 0x00, 0x80, 0x40, 0x00, 0x00, 0x00, 0xf8, 0x01, 0x00, 
0x8b, 0x01, 0x05, 0x00, 0x8c, 0x01, 0x05, 0x00, 0x8a, 0x01, 0x05, 0x00, 0x86, 0x40, 0x00, 0x00, 
0x60, 0x00, 0x00, 0x00, 0x85, 0x40, 0x00, 0x00, 0x00, 0x06, 0x00, 0x00, 0x84, 0x40, 0x00, 0x00, 
0x10, 0x00, 0x00, 0x00, 0x89, 0x01, 0x2f, 0x00, 0x85, 0x01, 0x41, 0x00, 0x80, 0x01, 0x00, 0x00, 
0x2f, 0x01, 0x00, 0x00, 0x06, 0x00, 0x01, 0x00, 0x05, 0x01, 0x41, 0x00, 0x00, 0x01, 0x02, 0x00, 
0x01, 0x01, 0x02, 0x00, 0x03, 0x01, 0x02, 0x00, 0x02, 0x01, 0x02, 0x00, 0x10, 0x40, 0x00, 0x00, 
0x00, 0xf8, 0x01, 0x00, 0x18, 0x01, 0xe9, 0xff, 0x14, 0x01, 0x41, 0x00, 0x21, 0x01, 0x04, 0x00, 
0x20, 0x01, 0x04, 0x00, 0x20, 0x40, 0x00, 0x00, 0x50, 0x8d, 0x0c, 0x00, 0x21, 0x40, 0x00, 0x00, 
0x60, 0x1c, 0x00, 0x00, 0x22, 0x40, 0x00, 0x00, 0x50, 0x83, 0x0c, 0x00, 0x17, 0x01, 0x2f, 0x00, 
0x0d, 0x01, 0x12, 0x00, 0x2d, 0x01, 0x1e, 0x00, 0x03, 0x00, 0x00, 0x00, 0x00, 0x40, 0x00, 0x00, 
0x00, 0xf8, 0x01, 0x00, 0x09, 0x01, 0xe9, 0xff, 0x00, 0x01, 0x00, 0x00, 0x01, 0x01, 0x00, 0x00, 
0x03, 0x01, 0x00, 0x00, 0x02, 0x01, 0x00, 0x00, 0x10, 0x40, 0x00, 0x00, 0x00, 0xb0, 0x01, 0x00, 
0x18, 0x01, 0x0d, 0x00, 0x21, 0x01, 0x00, 0x00, 0x20, 0x01, 0x00, 0x00, 0x20, 0x40, 0x00, 0x00, 
0xb0, 0xb3, 0x0c, 0x00, 0x21, 0x40, 0x00, 0x00, 0xc0, 0xf0, 0x00, 0x00, 0x22, 0x40, 0x00, 0x00, 
0xb0, 0xa9, 0x0c, 0x00, 0x17, 0x01, 0x5f, 0x00, 0x0d, 0x01, 0x0a, 0x00, 0x2d, 0x01, 0x0e, 0x00, 
0x2f, 0x01, 0x03, 0x00, 0x02, 0x00, 0x00, 0x00, 0x25, 0x40, 0x0c, 0x00, 0xdc, 0x2b, 0x89, 0x70, 
0x00, 0x40, 0x00, 0x00, 0x00, 0xd4, 0x01, 0x00, 0x09, 0x01, 0x15, 0x00, 0x05, 0x01, 0x41, 0x01, 
0x14, 0x01, 0x41, 0x01, 0x17, 0x01, 0x7f, 0x00, 0x0d, 0x01, 0x2e, 0x00, 0x2d, 0x01, 0x2e, 0x00, 
0x80, 0x40, 0x00, 0x00, 0x00, 0xb0, 0x01, 0x00, 0x89, 0x01, 0x0d, 0x00, 0x2f, 0x01, 0x00, 0x00, 
0x06, 0x00, 0x01, 0x00, 0x24, 0x40, 0x26, 0x00, 0x00, 0x75, 0xd8, 0x4e, 0x00, 0x40, 0x00, 0x00, 
0x00, 0xb0, 0x01, 0x00, 0x09, 0x01, 0x0d, 0x00, 0x05, 0x01, 0x41, 0x00, 0x10, 0x40, 0x00, 0x00, 
0x00, 0xf8, 0x01, 0x00, 0x18, 0x01, 0xd2, 0xff, 0x26, 0x01, 0xd2, 0xff, 0x8f, 0x01, 0x00, 0x00, 
0x80, 0x40, 0x00, 0x00, 0x30, 0xdd, 0x02, 0x00, 0x8b, 0x01, 0x00, 0x00, 0x8c, 0x01, 0x00, 0x00, 
0x8a, 0x01, 0x00, 0x00, 0x86, 0x40, 0x00, 0x00, 0x01, 0x00, 0x00, 0x00, 0x85, 0x40, 0x00, 0x00, 
0x01, 0x00, 0x00, 0x00, 0x84, 0x40, 0x00, 0x00, 0x01, 0x00, 0x00, 0x00, 0x89, 0x01, 0x7f, 0x00, 
0x85, 0x01, 0x01, 0x00, 0x80, 0x01, 0x07, 0x00, 0x06, 0x00, 0x00, 0x00, 0x24, 0x40, 0x23, 0x00, 
0x80, 0x91, 0xb1, 0x4f, 0x00, 0x40, 0x00, 0x00, 0x00, 0xf8, 0x01, 0x00, 0x09, 0x01, 0xd2, 0xff, 
0x18, 0x01, 0xd6, 0xff, 0x26, 0x01, 0x80, 0xff, 0x80, 0x40, 0x00, 0x00, 0x40, 0xdd, 0x02, 0x00, 
0x85, 0x40, 0x00, 0x00, 0x00, 0x01, 0x00, 0x00, 0x84, 0x40, 0x00, 0x00, 0x00, 0x01, 0x00, 0x00, 
0x89, 0x01, 0x3c, 0x00, 0x80, 0x01, 0x03, 0x00, 0x06, 0x00, 0x00, 0x00, 0x00, 0x40, 0x00, 0x00, 
0x00, 0xb0, 0x01, 0x00, 0x09, 0x01, 0x0d, 0x00, 0x10, 0x40, 0x00, 0x00, 0x00, 0xd4, 0x01, 0x00, 
0x26, 0x01, 0xd6, 0xff, 0x16, 0x01, 0x03, 0x00, 0x15, 0x01, 0x03, 0x00, 0x0d, 0x01, 0x0a, 0x00, 
0x2d, 0x01, 0x1e, 0x00, 0x24, 0x40, 0x1e, 0x00, 0x80, 0xae, 0x19, 0x52, 0x2f, 0x01, 0x03, 0x00, 
0x05, 0x00, 0x01, 0x00, 0x25, 0x40, 0x00, 0x00, 0x00, 0x80, 0x00, 0x00, 0x26, 0x40, 0x00, 0x00, 
0x00, 0x80, 0x00, 0x00, 0x24, 0x40, 0x2d, 0x00, 0x00, 0x00, 0x00, 0x40, 0x00, 0x40, 0x00, 0x00, 
0x00, 0xd4, 0x01, 0x00, 0x09, 0x01, 0xd6, 0xff, 0x26, 0x01, 0x80, 0xff, 0x16, 0x01, 0x05, 0x00, 
0x15, 0x01, 0x05, 0x00, 0x0d, 0x01, 0x2e, 0x00, 0x2d, 0x01, 0x2e, 0x00, 0x8f, 0x01, 0x01, 0x00, 
0x80, 0x40, 0x00, 0x00, 0x00, 0xf8, 0x01, 0x00, 0x8b, 0x01, 0x05, 0x00, 0x8c, 0x01, 0x05, 0x00, 
0x8a, 0x01, 0x05, 0x00, 0x86, 0x40, 0x00, 0x00, 0x60, 0x00, 0x00, 0x00, 0x85, 0x40, 0x00, 0x00, 
0x00, 0x06, 0x00, 0x00, 0x84, 0x40, 0x00, 0x00, 0x10, 0x00, 0x00, 0x00, 0x89, 0x01, 0xd6, 0xff, 
0x85, 0x01, 0x41, 0x00, 0x80, 0x01, 0x00, 0x00, 0x2f, 0x01, 0x00, 0x00, 0x06, 0x00, 0x01, 0x00, 
0x00, 0x01, 0x02, 0x00, 0x01, 0x01, 0x02, 0x00, 0x03, 0x01, 0x02, 0x00, 0x02, 0x01, 0x02, 0x00, 
0x10, 0x40, 0x00, 0x00, 0x00, 0xf8, 0x01, 0x00, 0x18, 0x01, 0x16, 0x00, 0x14, 0x01, 0x41, 0x00, 
0x21, 0x01, 0x04, 0x00, 0x20, 0x01, 0x04, 0x00, 0x20, 0x40, 0x00, 0x00, 0x70, 0xae, 0x0d, 0x00, 
0x21, 0x40, 0x00, 0x00, 0x50, 0x1c, 0x00, 0x00, 0x22, 0x40, 0x00, 0x00, 0x70, 0xa4, 0x0d, 0x00, 
0x17, 0x01, 0x2f, 0x00, 0x0d, 0x01, 0x12, 0x00, 0x2d, 0x01, 0x1e, 0x00, 0x03, 0x00, 0x00, 0x00, 
0x00, 0x40, 0x00, 0x00, 0x00, 0xf8, 0x01, 0x00, 0x09, 0x01, 0x16, 0x00, 0x00, 0x01, 0x00, 0x00, 
0x01, 0x01, 0x00, 0x00, 0x03, 0x01, 0x00, 0x00, 0x02, 0x01, 0x00, 0x00, 0x10, 0x40, 0x00, 0x00, 
0x00, 0xb0, 0x01, 0x00, 0x18, 0x01, 0x04, 0x00, 0x21, 0x01, 0x00, 0x00, 0x20, 0x01, 0x00, 0x00, 
0x20, 0x40, 0x00, 0x00, 0xc0, 0xd4, 0x0d, 0x00, 0x21, 0x40, 0x00, 0x00, 0x10, 0xf1, 0x00, 0x00, 
0x22, 0x40, 0x00, 0x00, 0xc0, 0xca, 0x0d, 0x00, 0x17, 0x01, 0x5f, 0x00, 0x0d, 0x01, 0x0a, 0x00, 
0x2d, 0x01, 0x0e, 0x00, 0x2f, 0x01, 0x03, 0x00, 0x02, 0x00, 0x00, 0x00, 0x25, 0x40, 0x0c, 0x00, 
0xb0, 0xfb, 0xf9, 0x5a, 0x26, 0x40, 0x00, 0x00, 0x00, 0x00, 0x00, 0x00, 0x24, 0x40, 0x31, 0x00, 
0x1f, 0xcf, 0x5c, 0x42, 0x00, 0x40, 0x00, 0x00, 0x00, 0xd4, 0x01, 0x00, 0x09, 0x01, 0xd6, 0xff, 
0x05, 0x01, 0x41, 0x01, 0x18, 0x01, 0xff, 0xff, 0x14, 0x01, 0x41, 0x01, 0x17, 0x01, 0x7f, 0x00, 
0x0d, 0x01, 0x2e, 0x00, 0x2d, 0x01, 0x2e, 0x00, 0x80, 0x40, 0x00, 0x00, 0x00, 0xb0, 0x01, 0x00, 
0x89, 0x01, 0x04, 0x00, 0x2f, 0x01, 0x00, 0x00, 0x06, 0x00, 0x01, 0x00, 0x24, 0x40, 0x27, 0x00, 
0x00, 0x6b, 0xe9, 0x72, 0x00, 0x40, 0x00, 0x00, 0x00, 0xb0, 0x01, 0x00, 0x09, 0x01, 0xff, 0xff, 
0x05, 0x01, 0x41, 0x00, 0x10, 0x40, 0x00, 0x00, 0x00, 0xf8, 0x01, 0x00, 0x18, 0x01, 0x0d, 0x00, 
0x26, 0x01, 0x0d, 0x00, 0x8f, 0x01, 0x00, 0x00, 0x80, 0x40, 0x00, 0x00, 0x40, 0xf2, 0x02, 0x00, 
0x8b, 0x01, 0x00, 0x00, 0x8c, 0x01, 0x00, 0x00, 0x8a, 0x01, 0x00, 0x00, 0x86, 0x40, 0x00, 0x00, 
0x01, 0x00, 0x00, 0x00, 0x85, 0x40, 0x00, 0x00, 0x01, 0x00, 0x00, 0x00, 0x84, 0x40, 0x00, 0x00, 
0x01, 0x00, 0x00, 0x00, 0x89, 0x01, 0x7f, 0x00, 0x85, 0x01, 0x01, 0x00, 0x80, 0x01, 0x07, 0x00, 
0x06, 0x00, 0x00, 0x00, 0x24, 0x40, 0x24, 0x00, 0x80, 0x3b, 0x86, 0x43, 0x00, 0x40, 0x00, 0x00, 
0x00, 0xf8, 0x01, 0x00, 0x09, 0x01, 0x0d, 0x00, 0x18, 0x01, 0x10, 0x00, 0x26, 0x01, 0x80, 0xff, 
0x80, 0x40, 0x00, 0x00, 0x50, 0xf2, 0x02, 0x00, 0x85, 0x40, 0x00, 0x00, 0x00, 0x01, 0x00, 0x00, 
0x84, 0x40, 0x00, 0x00, 0x00, 0x01, 0x00, 0x00, 0x89, 0x01, 0x0d, 0x00, 0x80, 0x01, 0x03, 0x00, 
0x06, 0x00, 0x00, 0x00, 0x00, 0x40, 0x00, 0x00, 0x00, 0xb0, 0x01, 0x00, 0x09, 0x01, 0xff, 0xff, 
0x10, 0x40, 0x00, 0x00, 0x00, 0xd4, 0x01, 0x00, 0x18, 0x01, 0x0d, 0x00, 0x26, 0x01, 0x0d, 0x00, 
0x16, 0x01, 0x03, 0x00, 0x15, 0x01, 0x03, 0x00, 0x0d, 0x01, 0x0a, 0x00, 0x2d, 0x01, 0x1e, 0x00, 
0x24, 0x40, 0x1f, 0x00, 0x00, 0xe4, 0x19, 0x72, 0x2f, 0x01, 0x03, 0x00, 0x05, 0x00, 0x01, 0x00, 
0x25, 0x40, 0x0c, 0x00, 0x16, 0x02, 0x4b, 0x7d, 0x24, 0x40, 0x31, 0x00, 0x00, 0x00, 0x00, 0x40, 
0x00, 0x40, 0x00, 0x00, 0x00, 0xd4, 0x01, 0x00, 0x09, 0x01, 0x0d, 0x00, 0x05, 0x01, 0x41, 0x02, 
0x26, 0x01, 0x80, 0xff, 0x16, 0x01, 0x05, 0x00, 0x15, 0x01, 0x05, 0x00, 0x0d, 0x01, 0x2e, 0x00, 
0x2d, 0x01, 0x2e, 0x00, 0x8f, 0x01, 0x01, 0x00, 0x80, 0x40, 0x00, 0x00, 0x00, 0xf8, 0x01, 0x00, 
0x8b, 0x01, 0x05, 0x00, 0x8c, 0x01, 0x05, 0x00, 0x8a, 0x01, 0x05, 0x00, 0x86, 0x40, 0x00, 0x00, 
0x60, 0x00, 0x00, 0x00, 0x85, 0x40, 0x00, 0x00, 0x00, 0x06, 0x00, 0x00, 0x84, 0x40, 0x00, 0x00, 
0x10, 0x00, 0x00, 0x00, 0x89, 0x01, 0x10, 0x00, 0x85, 0x01, 0x41, 0x00, 0x80, 0x01, 0x00, 0x00, 
0x2f, 0x01, 0x00, 0x00, 0x06, 0x00, 0x01, 0x00, 0x05, 0x01, 0x41, 0x00, 0x00, 0x01, 0x02, 0x00, 
0x01, 0x01, 0x02, 0x00, 0x03, 0x01, 0x02, 0x00, 0x02, 0x01, 0x02, 0x00, 0x10, 0x40, 0x00, 0x00, 
0x00, 0xf8, 0x01, 0x00, 0x18, 0x01, 0xf7, 0xff, 0x14, 0x01, 0x41, 0x00, 0x21, 0x01, 0x04, 0x00, 
0x20, 0x01, 0x04, 0x00, 0x20, 0x40, 0x00, 0x00, 0xd0, 0xcf, 0x0e, 0x00, 0x21, 0x40, 0x00, 0x00, 
0x60, 0x1c, 0x00, 0x00, 0x22, 0x40, 0x00, 0x00, 0xd0, 0xc5, 0x0e, 0x00, 0x17, 0x01, 0x2f, 0x00, 
0x0d, 0x01, 0x12, 0x00, 0x2d, 0x01, 0x1e, 0x00, 0x03, 0x00, 0x00, 0x00, 0x00, 0x40, 0x00, 0x00, 
0x00, 0xf8, 0x01, 0x00, 0x09, 0x01, 0xf7, 0xff, 0x00, 0x01, 0x00, 0x00, 0x01, 0x01, 0x00, 0x00, 
0x03, 0x01, 0x00, 0x00, 0x02, 0x01, 0x00, 0x00, 0x10, 0x40, 0x00, 0x00, 0x00, 0xb0, 0x01, 0x00, 
0x18, 0x01, 0x0f, 0x00, 0x21, 0x01, 0x00, 0x00, 0x20, 0x01, 0x00, 0x00, 0x20, 0x40, 0x00, 0x00, 
0x30, 0xf6, 0x0e, 0x00, 0x21, 0x40, 0x00, 0x00, 0x40, 0xf3, 0x00, 0x00, 0x22, 0x40, 0x00, 0x00, 
0x30, 0xec, 0x0e, 0x00, 0x17, 0x01, 0x5f, 0x00, 0x0d, 0x01, 0x0a, 0x00, 0x2d, 0x01, 0x0e, 0x00, 
0x2f, 0x01, 0x03, 0x00, 0x02, 0x00, 0x00, 0x00, 0x25, 0x40, 0x0c, 0x00, 0xf1, 0x44, 0xa1, 0x58, 
0x00, 0x40, 0x00, 0x00, 0x00, 0xd4, 0x01, 0x00, 0x09, 0x01, 0x0d, 0x00, 0x05, 0x01, 0x41, 0x01, 
0x14, 0x01, 0x41, 0x01, 0x17, 0x01, 0x7f, 0x00, 0x0d, 0x01, 0x2e, 0x00, 0x2d, 0x01, 0x2e, 0x00, 
0x80, 0x40, 0x00, 0x00, 0x00, 0xb0, 0x01, 0x00, 0x89, 0x01, 0x0f, 0x00, 0x2f, 0x01, 0x00, 0x00, 
0x06, 0x00, 0x01, 0x00, 0x24, 0x40, 0x26, 0x00, 0x00, 0x77, 0x5c, 0x51, 0x00, 0x40, 0x00, 0x00, 
0x00, 0xb0, 0x01, 0x00, 0x09, 0x01, 0x0f, 0x00, 0x05, 0x01, 0x41, 0x00, 0x10, 0x40, 0x00, 0x00, 
0x00, 0xf8, 0x01, 0x00, 0x18, 0x01, 0xc8, 0xff, 0x26, 0x01, 0xc8, 0xff, 0x8f, 0x01, 0x00, 0x00, 
0x80, 0x40, 0x00, 0x00, 0x50, 0x07, 0x03, 0x00, 0x8b, 0x01, 0x00, 0x00, 0x8c, 0x01, 0x00, 0x00, 
0x8a, 0x01, 0x00, 0x00, 0x86, 0x40, 0x00, 0x00, 0x01, 0x00, 0x00, 0x00, 0x85, 0x40, 0x00, 0x00, 
0x01, 0x00, 0x00, 0x00, 0x84, 0x40, 0x00, 0x00, 0x01, 0x00, 0x00, 0x00, 0x89, 0x01, 0x7f, 0x00, 
0x85, 0x01, 0x01, 0x00, 0x80, 0x01, 0x07, 0x00, 0x06, 0x00, 0x00, 0x00, 0x24, 0x40, 0x24, 0x00, 
0x00, 0x3a, 0x3a, 0x4e, 0x00, 0x40, 0x00, 0x00, 0x00, 0xf8, 0x01, 0x00, 0x09, 0x01, 0xc8, 0xff, 
0x26, 0x01, 0x80, 0xff, 0x80, 0x40, 0x00, 0x00, 0x60, 0x07, 0x03, 0x00, 0x85, 0x40, 0x00, 0x00, 
0x00, 0x01, 0x00, 0x00, 0x84, 0x40, 0x00, 0x00, 0x00, 0x01, 0x00, 0x00, 0x89, 0x01, 0x1c, 0x00, 
0x80, 0x01, 0x03, 0x00, 0x06, 0x00, 0x00, 0x00, 0x00, 0x40, 0x00, 0x00, 0x00, 0xb0, 0x01, 0x00, 
0x09, 0x01, 0x0f, 0x00, 0x10, 0x40, 0x00, 0x00, 0x00, 0xd4, 0x01, 0x00, 0x26, 0x01, 0xc8, 0xff, 
0x16, 0x01, 0x03, 0x00, 0x15, 0x01, 0x03, 0x00, 0x0d, 0x01, 0x0a, 0x00, 0x2d, 0x01, 0x1e, 0x00, 
0x24, 0x40, 0x1e, 0x00, 0x80, 0x1a, 0x0b, 0x51, 0x2f, 0x01, 0x03, 0x00, 0x05, 0x00, 0x01, 0x00, 
0x25, 0x40, 0x00, 0x00, 0x00, 0x80, 0x00, 0x00, 0x26, 0x40, 0x00, 0x00, 0x00, 0x80, 0x00, 0x00, 
0x24, 0x40, 0x2d, 0x00, 0x00, 0x00, 0x00, 0x40, 0x00, 0x40, 0x00, 0x00, 0x00, 0xd4, 0x01, 0x00, 
0x09, 0x01, 0xc8, 0xff, 0x26, 0x01, 0x80, 0xff, 0x16, 0x01, 0x05, 0x00, 0x15, 0x01, 0x05, 0x00, 
0x0d, 0x01, 0x2e, 0x00, 0x2d, 0x01, 0x2e, 0x00, 0x8f, 0x01, 0x01, 0x00, 0x80, 0x40, 0x00, 0x00, 
0x00, 0xf8, 0x01, 0x00, 0x8b, 0x01, 0x05, 0x00, 0x8c, 0x01, 0x05, 0x00, 0x8a, 0x01, 0x05, 0x00, 
0x86, 0x40, 0x00, 0x00, 0x60, 0x00, 0x00, 0x00, 0x85, 0x40, 0x00, 0x00, 0x00, 0x06, 0x00, 0x00, 
0x84, 0x40, 0x00, 0x00, 0x10, 0x00, 0x00, 0x00, 0x89, 0x01, 0xc8, 0xff, 0x85, 0x01, 0x41, 0x00, 
0x80, 0x01, 0x00, 0x00, 0x2f, 0x01, 0x00, 0x00, 0x06, 0x00, 0x01, 0x00, 0x00, 0x01, 0x02, 0x00, 
0x01, 0x01, 0x02, 0x00, 0x03, 0x01, 0x02, 0x00, 0x02, 0x01, 0x02, 0x00, 0x10, 0x40, 0x00, 0x00, 
0x00, 0xf8, 0x01, 0x00, 0x18, 0x01, 0x12, 0x00, 0x14, 0x01, 0x41, 0x00, 0x21, 0x01, 0x04, 0x00, 
0x20, 0x01, 0x04, 0x00, 0x20, 0x40, 0x00, 0x00, 0x70, 0xf3, 0x0f, 0x00, 0x21, 0x40, 0x00, 0x00, 
0x70, 0x1c, 0x00, 0x00, 0x22, 0x40, 0x00, 0x00, 0x70, 0xe9, 0x0f, 0x00, 0x17, 0x01, 0x2f, 0x00, 
0x0d, 0x01, 0x12, 0x00, 0x2d, 0x01, 0x1e, 0x00, 0x03, 0x00, 0x00, 0x00, 0x00, 0x40, 0x00, 0x00, 
0x00, 0xf8, 0x01, 0x00, 0x09, 0x01, 0x12, 0x00, 0x00, 0x01, 0x00, 0x00, 0x01, 0x01, 0x00, 0x00, 
0x03, 0x01, 0x00, 0x00, 0x02, 0x01, 0x00, 0x00, 0x10, 0x40, 0x00, 0x00, 0x00, 0xb0, 0x01, 0x00, 
0x18, 0x01, 0x01, 0x00, 0x21, 0x01, 0x00, 0x00, 0x20, 0x01, 0x00, 0x00, 0x20, 0x40, 0x00, 0x00, 
0xe0, 0x19, 0x10, 0x00, 0x21, 0x40, 0x00, 0x00, 0x60, 0xf1, 0x00, 0x00, 0x22, 0x40, 0x00, 0x00, 
0xe0, 0x0f, 0x10, 0x00, 0x17, 0x01, 0x5f, 0x00, 0x0d, 0x01, 0x0a, 0x00, 0x2d, 0x01, 0x0e, 0x00, 
0x2f, 0x01, 0x03, 0x00, 0x02, 0x00, 0x00, 0x00, 0x25, 0x40, 0x0c, 0x00, 0x9e, 0xa8, 0x87, 0x54, 
0x26, 0x40, 0x00, 0x00, 0x00, 0x00, 0x00, 0x00, 0x24, 0x40, 0x31, 0x00, 0xe9, 0x7e, 0xe7, 0x41, 
0x00, 0x40, 0x00, 0x00, 0x00, 0xd4, 0x01, 0x00, 0x09, 0x01, 0xc8, 0xff, 0x05, 0x01, 0x41, 0x01, 
0x18, 0x01, 0xfd, 0xff, 0x14, 0x01, 0x41, 0x01, 0x17, 0x01, 0x7f, 0x00, 0x0d, 0x01, 0x2e, 0x00, 
0x2d, 0x01, 0x2e, 0x00, 0x80, 0x40, 0x00, 0x00, 0x00, 0xb0, 0x01, 0x00, 0x89, 0x01, 0x01, 0x00, 
0x2f, 0x01, 0x00, 0x00, 0x06, 0x00, 0x01, 0x00, 0x24, 0x40, 0x26, 0x00, 0x80, 0x2b, 0x44, 0x63, 
0x00, 0x40, 0x00, 0x00, 0x00, 0xb0, 0x01, 0x00, 0x09, 0x01, 0xfd, 0xff, 0x05, 0x01, 0x41, 0x00, 
0x10, 0x40, 0x00, 0x00, 0x00, 0xd4, 0x01, 0x00, 0x18, 0x01, 0xbe, 0xff, 0x26, 0x01, 0xbe, 0xff, 
0x8f, 0x01, 0x00, 0x00, 0x80, 0x40, 0x00, 0x00, 0x60, 0x1c, 0x03, 0x00, 0x8b, 0x01, 0x00, 0x00, 
0x8c, 0x01, 0x00, 0x00, 0x8a, 0x01, 0x00, 0x00, 0x86, 0x40, 0x00, 0x00, 0x01, 0x00, 0x00, 0x00, 
0x85, 0x40, 0x00, 0x00, 0x01, 0x00, 0x00, 0x00, 0x84, 0x40, 0x00, 0x00, 0x01, 0x00, 0x00, 0x00, 
0x89, 0x01, 0x7f, 0x00, 0x85, 0x01, 0x01, 0x00, 0x80, 0x01, 0x07, 0x00, 0x06, 0x00, 0x00, 0x00, 
0x24, 0x40, 0x25, 0x00, 0x00, 0x8a, 0x7d, 0x71, 0x00, 0x40, 0x00, 0x00, 0x00, 0xd4, 0x01, 0x00, 
0x09, 0x01, 0xbe, 0xff, 0x18, 0x01, 0xc4, 0xff, 0x26, 0x01, 0x80, 0xff, 0x80, 0x40, 0x00, 0x00, 
0x70, 0x1c, 0x03, 0x00, 0x85, 0x40, 0x00, 0x00, 0x00, 0x01, 0x00, 0x00, 0x84, 0x40, 0x00, 0x00, 
0x00, 0x01, 0x00, 0x00, 0x89, 0x01, 0xd9, 0xff, 0x80, 0x01, 0x03, 0x00, 0x06, 0x00, 0x00, 0x00, 
0x00, 0x40, 0x00, 0x00, 0x00, 0xb0, 0x01, 0x00, 0x09, 0x01, 0xfd, 0xff, 0x10, 0x40, 0x00, 0x00, 
0x00, 0xf8, 0x01, 0x00, 0x18, 0x01, 0xbc, 0xff, 0x26, 0x01, 0xbc, 0xff, 0x16, 0x01, 0x03, 0x00, 
0x15, 0x01, 0x03, 0x00, 0x0d, 0x01, 0x0a, 0x00, 0x2d, 0x01, 0x1e, 0x00, 0x24, 0x40, 0x1e, 0x00, 
0x80, 0x11, 0xd4, 0x5f, 0x2f, 0x01, 0x03, 0x00, 0x05, 0x00, 0x01, 0x00, 0x25, 0x40, 0x0c, 0x00, 
0xbb, 0x54, 0x18, 0x71, 0x24, 0x40, 0x31, 0x00, 0x00, 0x00, 0x00, 0x40, 0x00, 0x40, 0x00, 0x00, 
0x00, 0xf8, 0x01, 0x00, 0x09, 0x01, 0xbc, 0xff, 0x05, 0x01, 0x41, 0x02, 0x26, 0x01, 0x80, 0xff, 
0x16, 0x01, 0x05, 0x00, 0x15, 0x01, 0x05, 0x00, 0x0d, 0x01, 0x2e, 0x00, 0x2d, 0x01, 0x2e, 0x00, 
0x8f, 0x01, 0x01, 0x00, 0x80, 0x40, 0x00, 0x00, 0x00, 0xd4, 0x01, 0x00, 0x8b, 0x01, 0x05, 0x00, 
0x8c, 0x01, 0x05, 0x00, 0x8a, 0x01, 0x05, 0x00, 0x86, 0x40, 0x00, 0x00, 0x60, 0x00, 0x00, 0x00, 
0x85, 0x40, 0x00, 0x00, 0x00, 0x06, 0x00, 0x00, 0x84, 0x40, 0x00, 0x00, 0x10, 0x00, 0x00, 0x00, 
0x89, 0x01, 0xc4, 0xff, 0x85, 0x01, 0x41, 0x00, 0x80, 0x01, 0x00, 0x00, 0x2f, 0x01, 0x00, 0x00, 
0x06, 0x00, 0x01, 0x00, 0x09, 0x01, 0x00, 0x00, 0x05, 0x01, 0x41, 0x00, 0x10, 0x40, 0x00, 0x00, 
0x00, 0x40, 0x02, 0x00, 0x18, 0x01, 0x00, 0x00, 0x16, 0x01, 0x03, 0x00, 0x15, 0x01, 0x03, 0x00, 
0x0d, 0x01, 0x0a, 0x00, 0x2d, 0x01, 0x1e, 0x00, 0x24, 0x40, 0x1f, 0x00, 0x01, 0x00, 0x00, 0x80, 
0x05, 0x00, 0x01, 0x00, 0x00, 0x40, 0x00, 0x00, 0x00, 0x40, 0x02, 0x00, 0x01, 0x40, 0x00, 0x00, 
0x00, 0x40, 0x02, 0x00, 0x02, 0x40, 0x00, 0x00, 0x00, 0x40, 0x02, 0x00, 0x03, 0x40, 0x00, 0x00, 
0x00, 0x40, 0x02, 0x00, 0x0b, 0x01, 0x00, 0x00, 0x0c, 0x01, 0x00, 0x00, 0x0a, 0x01, 0x00, 0x00, 
0x10, 0x40, 0x00, 0x00, 0x00, 0xb0, 0x01, 0x00, 0x16, 0x40, 0x00, 0x00, 0x01, 0x00, 0x00, 0x00, 
0x15, 0x40, 0x00, 0x00, 0x00, 0x18, 0x00, 0x00, 0x14, 0x40, 0x00, 0x00, 0x00, 0x02, 0x00, 0x00, 
0x14, 0x01, 0x01, 0x80, 0x21, 0x01, 0x01, 0x00, 0x20, 0x01, 0x01, 0x00, 0x20, 0x40, 0x00, 0x00, 
0x40, 0x15, 0x11, 0x00, 0x21, 0x40, 0x00, 0x00, 0xd0, 0x00, 0x00, 0x00, 0x22, 0x40, 0x00, 0x00, 
0x40, 0x0b, 0x11, 0x00, 0x16, 0x01, 0x0b, 0x00, 0x15, 0x01, 0x0b, 0x00, 0x17, 0x01, 0x0f, 0x00, 
0x2d, 0x01, 0x0e, 0x00, 0x03, 0x00, 0x00, 0x00, 0x01, 0x40, 0x00, 0x00, 0x50, 0x40, 0x02, 0x00, 
0x03, 0x40, 0x00, 0x00, 0x50, 0x40, 0x02, 0x00, 0x0a, 0x01, 0x05, 0x00, 0x10, 0x40, 0x00, 0x00, 
0x00, 0xb1, 0x01, 0x00, 0x20, 0x40, 0x00, 0x00, 0x10, 0x20, 0x11, 0x00, 0x22, 0x40, 0x00, 0x00, 
0x10, 0x16, 0x11, 0x00, 0x2f, 0x01, 0x03, 0x00, 0x03, 0x00, 0x00, 0x00, 0x01, 0x40, 0x00, 0x00, 
0x00, 0x40, 0x02, 0x00, 0x02, 0x40, 0x00, 0x00, 0x00, 0x5e, 0x02, 0x00, 0x03, 0x40, 0x00, 0x00, 
0x00, 0x5e, 0x02, 0x00, 0x0b, 0x01, 0x05, 0x00, 0x0c, 0x01, 0x05, 0x00, 0x0a, 0x01, 0x00, 0x00, 
0x10, 0x40, 0x00, 0x00, 0x00, 0xbc, 0x01, 0x00, 0x20, 0x40, 0x00, 0x00, 0xe0, 0x2a, 0x11, 0x00, 
0x22, 0x40, 0x00, 0x00, 0xe0, 0x20, 0x11, 0x00, 0x03, 0x00, 0x00, 0x00, 0x01, 0x40, 0x00, 0x00, 
0x50, 0x40, 0x02, 0x00, 0x03, 0x40, 0x00, 0x00, 0x50, 0x5e, 0x02, 0x00, 0x0a, 0x01, 0x05, 0x00, 
0x10, 0x40, 0x00, 0x00, 0x00, 0xbd, 0x01, 0x00, 0x20, 0x40, 0x00, 0x00, 0xb0, 0x35, 0x11, 0x00, 
0x22, 0x40, 0x00, 0x00, 0xb0, 0x2b, 0x11, 0x00, 0x03, 0x00, 0x00, 0x00, 0x00, 0x40, 0x00, 0x00, 
0x00, 0xb0, 0x01, 0x00, 0x01, 0x40, 0x00, 0x00, 0x00, 0x00, 0x00, 0x00, 0x02, 0x40, 0x00, 0x00, 
0x00, 0x00, 0x00, 0x00, 0x03, 0x40, 0x00, 0x00, 0x00, 0x00, 0x00, 0x00, 0x0b, 0x01, 0x0b, 0x00, 
0x0c, 0x01, 0x0b, 0x00, 0x0a, 0x01, 0x0b, 0x00, 0x06, 0x40, 0x00, 0x00, 0x01, 0x00, 0x00, 0x00, 
0x05, 0x40, 0x00, 0x00, 0x00, 0x0c, 0x00, 0x00, 0x04, 0x40, 0x00, 0x00, 0x00, 0x01, 0x00, 0x00, 
0x09, 0x01, 0xbc, 0xff, 0x05, 0x01, 0x01, 0x00, 0x10, 0x40, 0x00, 0x00, 0x00, 0x40, 0x02, 0x00, 
0x1b, 0x01, 0x0b, 0x00, 0x1c, 0x01, 0x0b, 0x00, 0x1a, 0x01, 0x0b, 0x00, 0x12, 0x01, 0x0b, 0x00, 
0x11, 0x01, 0x0b, 0x00, 0x16, 0x40, 0x00, 0x00, 0xc0, 0x00, 0x00, 0x00, 0x15, 0x40, 0x00, 0x00, 
0x00, 0x0c, 0x00, 0x00, 0x14, 0x40, 0x00, 0x00, 0x10, 0x00, 0x00, 0x00, 0x18, 0x01, 0x26, 0x00, 
0x14, 0x01, 0x41, 0x00, 0x21, 0x01, 0x00, 0x00, 0x20, 0x01, 0x00, 0x00, 0x20, 0x40, 0x00, 0x00, 
0x80, 0x40, 0x11, 0x00, 0x21, 0x40, 0x00, 0x00, 0x10, 0xf0, 0x00, 0x00, 0x22, 0x40, 0x00, 0x00, 
0x80, 0x36, 0x11, 0x00, 0x16, 0x01, 0x03, 0x00, 0x17, 0x01, 0x3f, 0x00, 0x2f, 0x01, 0x00, 0x00, 
0x02, 0x00, 0x00, 0x00, 0x24, 0x40, 0x26, 0x00, 0x80, 0xf9, 0x2f, 0x49, 0x00, 0x40, 0x00, 0x00, 
0x00, 0x40, 0x02, 0x00, 0x06, 0x40, 0x00, 0x00, 0xc0, 0x00, 0x00, 0x00, 0x04, 0x40, 0x00, 0x00, 
0x10, 0x00, 0x00, 0x00, 0x09, 0x01, 0x26, 0x00, 0x05, 0x01, 0x41, 0x00, 0x10, 0x40, 0x00, 0x00, 
0x00, 0xd0, 0x02, 0x00, 0x18, 0x01, 0xc2, 0xff, 0x14, 0x01, 0x41, 0x01, 0x26, 0x01, 0xc2, 0xff, 
0x16, 0x01, 0x07, 0x00, 0x15, 0x01, 0x07, 0x00, 0x17, 0x01, 0x7f, 0x00, 0x0d, 0x01, 0x2e, 0x00, 
0x2d, 0x01, 0x2e, 0x00, 0x8f, 0x01, 0x00, 0x00, 0x80, 0x40, 0x00, 0x00, 0x80, 0x4f, 0x03, 0x00, 
0x8b, 0x01, 0x00, 0x00, 0x8c, 0x01, 0x00, 0x00, 0x8a, 0x01, 0x00, 0x00, 0x86, 0x40, 0x00, 0x00, 
0x01, 0x00, 0x00, 0x00, 0x85, 0x40, 0x00, 0x00, 0x01, 0x00, 0x00, 0x00, 0x84, 0x40, 0x00, 0x00, 
0x01, 0x00, 0x00, 0x00, 0x89, 0x01, 0x7f, 0x00, 0x85, 0x01, 0x01, 0x00, 0x80, 0x01, 0x07, 0x00, 
0x2f, 0x01, 0x03, 0x00, 0x06, 0x00, 0x00, 0x00, 0x24, 0x40, 0x24, 0x00, 0x00, 0x93, 0x51, 0x7a, 
0x00, 0x40, 0x00, 0x00, 0x00, 0xd0, 0x02, 0x00, 0x09, 0x01, 0xc2, 0xff, 0x18, 0x01, 0x2d, 0x00, 
0x26, 0x01, 0x80, 0xff, 0x80, 0x40, 0x00, 0x00, 0x90, 0x4f, 0x03, 0x00, 0x85, 0x40, 0x00, 0x00, 
0x00, 0x01, 0x00, 0x00, 0x84, 0x40, 0x00, 0x00, 0x00, 0x01, 0x00, 0x00, 0x89, 0x01, 0x1a, 0x00, 
0x80, 0x01, 0x03, 0x00, 0x06, 0x00, 0x00, 0x00, 0x00, 0x40, 0x00, 0x00, 0x00, 0x40, 0x02, 0x00, 
0x09, 0x01, 0x26, 0x00, 0x10, 0x40, 0x00, 0x00, 0x00, 0xb0, 0x01, 0x00, 0x18, 0x01, 0xe5, 0xff, 
0x26, 0x01, 0xe5, 0xff, 0x16, 0x01, 0x03, 0x00, 0x15, 0x01, 0x03, 0x00, 0x0d, 0x01, 0x0a, 0x00, 
0x2d, 0x01, 0x1e, 0x00, 0x24, 0x40, 0x1e, 0x00, 0x80, 0xa8, 0x66, 0x6e, 0x05, 0x00, 0x01, 0x00, 
0x25, 0x40, 0x0c, 0x00, 0x01, 0xba, 0x66, 0x4a, 0x24, 0x40, 0x31, 0x00, 0x00, 0x00, 0x00, 0x40, 
0x00, 0x40, 0x00, 0x00, 0x00, 0xb0, 0x01, 0x00, 0x09, 0x01, 0xe5, 0xff, 0x05, 0x01, 0x41, 0x02, 
0x26, 0x01, 0x80, 0xff, 0x16, 0x01, 0x07, 0x00, 0x15, 0x01, 0x07, 0x00, 0x0d, 0x01, 0x2e, 0x00, 
0x2d, 0x01, 0x2e, 0x00, 0x8f, 0x01, 0x01, 0x00, 0x80, 0x40, 0x00, 0x00, 0x00, 0xd0, 0x02, 0x00, 
0x8b, 0x01, 0x0b, 0x00, 0x8c, 0x01, 0x0b, 0x00, 0x8a, 0x01, 0x0b, 0x00, 0x86, 0x40, 0x00, 0x00, 
0xc0, 0x00, 0x00, 0x00, 0x85, 0x40, 0x00, 0x00, 0x00, 0x0c, 0x00, 0x00, 0x84, 0x40, 0x00, 0x00, 
0x10, 0x00, 0x00, 0x00, 0x89, 0x01, 0x2d, 0x00, 0x85, 0x01, 0x41, 0x00, 0x80, 0x01, 0x00, 0x00, 
0x06, 0x00, 0x01, 0x00, 0x25, 0x40, 0x0c, 0x00, 0xa5, 0xff, 0x6f, 0x47, 0x24, 0x40, 0x31, 0x00, 
0xb2, 0x3b, 0xcf, 0x40, 0x00, 0x40, 0x00, 0x00, 0x00, 0x20, 0x01, 0x00, 0x09, 0x01, 0xd1, 0xff, 
0x05, 0x01, 0x41, 0x01, 0x80, 0x40, 0x00, 0x00, 0x00, 0xb0, 0x01, 0x00, 0x89, 0x01, 0xe5, 0xff, 
0x06, 0x00, 0x01, 0x00, 0x00, 0x40, 0x00, 0x00, 0x00, 0xb0, 0x01, 0x00, 0x09, 0x01, 0xe5, 0xff, 
0x05, 0x01, 0x41, 0x00, 0x00, 0x01, 0x02, 0x00, 0x01, 0x01, 0x02, 0x00, 0x03, 0x01, 0x02, 0x00, 
0x02, 0x01, 0x02, 0x00, 0x10, 0x40, 0x00, 0x00, 0x00, 0x40, 0x02, 0x00, 0x18, 0x01, 0x0e, 0x00, 
0x14, 0x01, 0x41, 0x00, 0x21, 0x01, 0x04, 0x00, 0x20, 0x01, 0x04, 0x00, 0x20, 0x40, 0x00, 0x00, 
0x90, 0x3a, 0x12, 0x00, 0x21, 0x40, 0x00, 0x00, 0x60, 0x1b, 0x00, 0x00, 0x22, 0x40, 0x00, 0x00, 
0x90, 0x30, 0x12, 0x00, 0x16, 0x01, 0x0b, 0x00, 0x15, 0x01, 0x0b, 0x00, 0x17, 0x01, 0x0f, 0x00, 
0x0d, 0x01, 0x0a, 0x00, 0x2d, 0x01, 0x0e, 0x00, 0x2f, 0x01, 0x00, 0x00, 0x03, 0x00, 0x00, 0x00, 
0x00, 0x40, 0x00, 0x00, 0x00, 0x40, 0x02, 0x00, 0x09, 0x01, 0x0e, 0x00, 0x00, 0x01, 0x00, 0x00, 
0x01, 0x01, 0x00, 0x00, 0x03, 0x01, 0x00, 0x00, 0x02, 0x01, 0x00, 0x00, 0x10, 0x40, 0x00, 0x00, 
0x00, 0x20, 0x01, 0x00, 0x18, 0x01, 0x10, 0x00, 0x21, 0x01, 0x00, 0x00, 0x20, 0x01, 0x00, 0x00, 
0x20, 0x40, 0x00, 0x00, 0xf0, 0x5f, 0x12, 0x00, 0x21, 0x40, 0x00, 0x00, 0xb0, 0xe2, 0x00, 0x00, 
0x22, 0x40, 0x00, 0x00, 0xf0, 0x55, 0x12, 0x00, 0x16, 0x01, 0x03, 0x00, 0x17, 0x01, 0x3f, 0x00, 
0x2f, 0x01, 0x03, 0x00, 0x02, 0x00, 0x00, 0x00, 0x25, 0x40, 0x0c, 0x00, 0x81, 0x05, 0x7d, 0x42, 
0x24, 0x40, 0x31, 0x00, 0x68, 0x16, 0x6e, 0x42, 0x00, 0x40, 0x00, 0x00, 0x00, 0xb0, 0x01, 0x00, 
0x09, 0x01, 0xe5, 0xff, 0x05, 0x01, 0x41, 0x01, 0x18, 0x01, 0x0b, 0x00, 0x14, 0x01, 0x41, 0x01, 
0x16, 0x01, 0x07, 0x00, 0x15, 0x01, 0x07, 0x00, 0x17, 0x01, 0x7f, 0x00, 0x0d, 0x01, 0x2e, 0x00, 
0x2d, 0x01, 0x2e, 0x00, 0x80, 0x40, 0x00, 0x00, 0x00, 0x20, 0x01, 0x00, 0x89, 0x01, 0x10, 0x00, 
0x06, 0x00, 0x01, 0x00, 0x24, 0x40, 0x26, 0x00, 0x80, 0x2d, 0xb6, 0x46, 0x00, 0x40, 0x00, 0x00, 
0x00, 0x20, 0x01, 0x00, 0x09, 0x01, 0x0b, 0x00, 0x05, 0x01, 0x41, 0x00, 0x10, 0x40, 0x00, 0x00, 
0x00, 0x40, 0x02, 0x00, 0x18, 0x01, 0xe6, 0xff, 0x26, 0x01, 0xe6, 0xff, 0x8f, 0x01, 0x00, 0x00, 
0x80, 0x40, 0x00, 0x00, 0x90, 0x64, 0x03, 0x00, 0x8b, 0x01, 0x00, 0x00, 0x8c, 0x01, 0x00, 0x00, 
0x8a, 0x01, 0x00, 0x00, 0x86, 0x40, 0x00, 0x00, 0x01, 0x00, 0x00, 0x00, 0x85, 0x40, 0x00, 0x00, 
0x01, 0x00, 0x00, 0x00, 0x84, 0x40, 0x00, 0x00, 0x01, 0x00, 0x00, 0x00, 0x89, 0x01, 0x7f, 0x00, 
0x85, 0x01, 0x01, 0x00, 0x80, 0x01, 0x07, 0x00, 0x06, 0x00, 0x00, 0x00, 0x24, 0x40, 0x23, 0x00, 
0x00, 0x8f, 0x52, 0x6a, 0x00, 0x40, 0x00, 0x00, 0x00, 0x40, 0x02, 0x00, 0x09, 0x01, 0xe6, 0xff, 
0x18, 0x01, 0x38, 0x00, 0x26, 0x01, 0x80, 0xff, 0x80, 0x40, 0x00, 0x00, 0xa0, 0x64, 0x03, 0x00, 
0x85, 0x40, 0x00, 0x00, 0x00, 0x01, 0x00, 0x00, 0x84, 0x40, 0x00, 0x00, 0x00, 0x01, 0x00, 0x00, 
0x89, 0x01, 0x33, 0x00, 0x80, 0x01, 0x03, 0x00, 0x06, 0x00, 0x00, 0x00, 0x00, 0x40, 0x00, 0x00, 
0x00, 0x20, 0x01, 0x00, 0x09, 0x01, 0x0b, 0x00, 0x10, 0x40, 0x00, 0x00, 0x00, 0xb0, 0x01, 0x00, 
0x18, 0x01, 0xf1, 0xff, 0x26, 0x01, 0xf1, 0xff, 0x16, 0x01, 0x03, 0x00, 0x15, 0x01, 0x03, 0x00, 
0x0d, 0x01, 0x0a, 0x00, 0x2d, 0x01, 0x1e, 0x00, 0x24, 0x40, 0x1e, 0x00, 0x00, 0x2d, 0x88, 0x4e, 
0x05, 0x00, 0x01, 0x00, 0x25, 0x40, 0x0c, 0x00, 0x33, 0xf1, 0xae, 0x4e, 0x24, 0x40, 0x31, 0x00, 
0x00, 0x00, 0x00, 0x40, 0x00, 0x40, 0x00, 0x00, 0x00, 0xb0, 0x01, 0x00, 0x09, 0x01, 0xf1, 0xff, 
0x05, 0x01, 0x41, 0x02, 0x26, 0x01, 0x80, 0xff, 0x16, 0x01, 0x07, 0x00, 0x15, 0x01, 0x07, 0x00, 
0x0d, 0x01, 0x2e, 0x00, 0x2d, 0x01, 0x2e, 0x00, 0x8f, 0x01, 0x01, 0x00, 0x80, 0x40, 0x00, 0x00, 
0x00, 0x40, 0x02, 0x00, 0x8b, 0x01, 0x0b, 0x00, 0x8c, 0x01, 0x0b, 0x00, 0x8a, 0x01, 0x0b, 0x00, 
0x86, 0x40, 0x00, 0x00, 0xc0, 0x00, 0x00, 0x00, 0x85, 0x40, 0x00, 0x00, 0x00, 0x0c, 0x00, 0x00, 
0x84, 0x40, 0x00, 0x00, 0x10, 0x00, 0x00, 0x00, 0x89, 0x01, 0x38, 0x00, 0x85, 0x01, 0x41, 0x00, 
0x80, 0x01, 0x00, 0x00, 0x06, 0x00, 0x01, 0x00, 0x05, 0x01, 0x41, 0x00, 0x00, 0x01, 0x02, 0x00, 
0x01, 0x01, 0x02, 0x00, 0x03, 0x01, 0x02, 0x00, 0x02, 0x01, 0x02, 0x00, 0x10, 0x40, 0x00, 0x00, 
0x00, 0x20, 0x01, 0x00, 0x18, 0x01, 0xfc, 0xff, 0x14, 0x01, 0x41, 0x00, 0x21, 0x01, 0x04, 0x00, 
0x20, 0x01, 0x04, 0x00, 0x20, 0x40, 0x00, 0x00, 0xa0, 0x4c, 0x13, 0x00, 0x21, 0x40, 0x00, 0x00, 
0x50, 0x1b, 0x00, 0x00, 0x22, 0x40, 0x00, 0x00, 0xa0, 0x42, 0x13, 0x00, 0x16, 0x01, 0x0b, 0x00, 
0x15, 0x01, 0x0b, 0x00, 0x17, 0x01, 0x0f, 0x00, 0x0d, 0x01, 0x0a, 0x00, 0x2d, 0x01, 0x0e, 0x00, 
0x2f, 0x01, 0x00, 0x00, 0x03, 0x00, 0x00, 0x00, 0x00, 0x40, 0x00, 0x00, 0x00, 0x20, 0x01, 0x00, 
0x09, 0x01, 0xfc, 0xff, 0x00, 0x01, 0x00, 0x00, 0x01, 0x01, 0x00, 0x00, 0x03, 0x01, 0x00, 0x00, 
0x02, 0x01, 0x00, 0x00, 0x10, 0x40, 0x00, 0x00, 0x00, 0x40, 0x02, 0x00, 0x18, 0x01, 0x17, 0x00, 
0x21, 0x01, 0x00, 0x00, 0x20, 0x01, 0x00, 0x00, 0x20, 0x40, 0x00, 0x00, 0xf0, 0x71, 0x13, 0x00, 
0x21, 0x40, 0x00, 0x00, 0x80, 0xea, 0x00, 0x00, 0x22, 0x40, 0x00, 0x00, 0xf0, 0x67, 0x13, 0x00, 
0x16, 0x01, 0x03, 0x00, 0x17, 0x01, 0x3f, 0x00, 0x2f, 0x01, 0x03, 0x00, 0x02, 0x00, 0x00, 0x00, 
0x25, 0x40, 0x0c, 0x00, 0xf4, 0xc4, 0x91, 0x53, 0x24, 0x40, 0x31, 0x00, 0xcf, 0xfc, 0x5a, 0x40, 
0x00, 0x40, 0x00, 0x00, 0x00, 0xb0, 0x01, 0x00, 0x09, 0x01, 0xf1, 0xff, 0x05, 0x01, 0x41, 0x01, 
0x14, 0x01, 0x41, 0x01, 0x16, 0x01, 0x07, 0x00, 0x15, 0x01, 0x07, 0x00, 0x17, 0x01, 0x7f, 0x00, 
0x0d, 0x01, 0x2e, 0x00, 0x2d, 0x01, 0x2e, 0x00, 0x89, 0x01, 0x17, 0x00, 0x06, 0x00, 0x01, 0x00, 
0x24, 0x40, 0x26, 0x00, 0x00, 0x0c, 0x3e, 0x64, 0x00, 0x40, 0x00, 0x00, 0x00, 0x40, 0x02, 0x00, 
0x09, 0x01, 0x17, 0x00, 0x05, 0x01, 0x41, 0x00, 0x10, 0x40, 0x00, 0x00, 0x00, 0xb0, 0x01, 0x00, 
0x18, 0x01, 0x94, 0xff, 0x26, 0x01, 0x94, 0xff, 0x8f, 0x01, 0x00, 0x00, 0x80, 0x40, 0x00, 0x00, 
0xa0, 0x79, 0x03, 0x00, 0x8b, 0x01, 0x00, 0x00, 0x8c, 0x01, 0x00, 0x00, 0x8a, 0x01, 0x00, 0x00, 
0x86, 0x40, 0x00, 0x00, 0x01, 0x00, 0x00, 0x00, 0x85, 0x40, 0x00, 0x00, 0x01, 0x00, 0x00, 0x00, 
0x84, 0x40, 0x00, 0x00, 0x01, 0x00, 0x00, 0x00, 0x89, 0x01, 0x7f, 0x00, 0x85, 0x01, 0x01, 0x00, 
0x80, 0x01, 0x07, 0x00, 0x06, 0x00, 0x00, 0x00, 0x24, 0x40, 0x23, 0x00, 0x80, 0x2a, 0x91, 0x5d, 
0x00, 0x40, 0x00, 0x00, 0x00, 0xb0, 0x01, 0x00, 0x09, 0x01, 0x94, 0xff, 0x18, 0x01, 0xc4, 0xff, 
0x26, 0x01, 0x80, 0xff, 0x80, 0x40, 0x00, 0x00, 0xb0, 0x79, 0x03, 0x00, 0x85, 0x40, 0x00, 0x00, 
0x00, 0x01, 0x00, 0x00, 0x84, 0x40, 0x00, 0x00, 0x00, 0x01, 0x00, 0x00, 0x89, 0x01, 0xd8, 0xff, 
0x80, 0x01, 0x03, 0x00, 0x06, 0x00, 0x00, 0x00, 0x00, 0x40, 0x00, 0x00, 0x00, 0x40, 0x02, 0x00, 
0x09, 0x01, 0x17, 0x00, 0x10, 0x40, 0x00, 0x00, 0x00, 0x20, 0x01, 0x00, 0x18, 0x01, 0x9c, 0xff, 
0x26, 0x01, 0x9c, 0xff, 0x16, 0x01, 0x03, 0x00, 0x15, 0x01, 0x03, 0x00, 0x0d, 0x01, 0x0a, 0x00, 
0x2d, 0x01, 0x1e, 0x00, 0x24, 0x40, 0x1d, 0x00, 0x00, 0xfe, 0x91, 0x45, 0x05, 0x00, 0x01, 0x00, 
0x25, 0x40, 0x0d, 0x00, 0x3f, 0xe8, 0x13, 0x69, 0x24, 0x40, 0x31, 0x00, 0x00, 0x00, 0x00, 0x40, 
0x00, 0x40, 0x00, 0x00, 0x00, 0x20, 0x01, 0x00, 0x09, 0x01, 0x9c, 0xff, 0x05, 0x01, 0x41, 0x02, 
0x26, 0x01, 0x80, 0xff, 0x16, 0x01, 0x07, 0x00, 0x15, 0x01, 0x07, 0x00, 0x0d, 0x01, 0x2e, 0x00, 
0x2d, 0x01, 0x2e, 0x00, 0x8f, 0x01, 0x01, 0x00, 0x80, 0x40, 0x00, 0x00, 0x00, 0xb0, 0x01, 0x00, 
0x8b, 0x01, 0x0b, 0x00, 0x8c, 0x01, 0x0b, 0x00, 0x8a, 0x01, 0x0b, 0x00, 0x86, 0x40, 0x00, 0x00, 
0xc0, 0x00, 0x00, 0x00, 0x85, 0x40, 0x00, 0x00, 0x00, 0x0c, 0x00, 0x00, 0x84, 0x40, 0x00, 0x00, 
0x10, 0x00, 0x00, 0x00, 0x89, 0x01, 0xc4, 0xff, 0x85, 0x01, 0x41, 0x00, 0x80, 0x01, 0x00, 0x00, 
0x06, 0x00, 0x01, 0x00, 0x09, 0x01, 0x00, 0x00, 0x05, 0x01, 0x41, 0x00, 0x10, 0x40, 0x00, 0x00, 
0x00, 0xf0, 0x03, 0x00, 0x18, 0x01, 0x00, 0x00, 0x16, 0x01, 0x03, 0x00, 0x15, 0x01, 0x03, 0x00, 
0x0d, 0x01, 0x0a, 0x00, 0x2d, 0x01, 0x1e, 0x00, 0x24, 0x40, 0x1f, 0x00, 0x01, 0x00, 0x00, 0x80, 
0x05, 0x00, 0x01, 0x00, 0x00, 0x40, 0x00, 0x00, 0x00, 0xf0, 0x03, 0x00, 0x01, 0x40, 0x00, 0x00, 
0x00, 0xf0, 0x03, 0x00, 0x02, 0x40, 0x00, 0x00, 0x00, 0xf0, 0x03, 0x00, 0x03, 0x40, 0x00, 0x00, 
0x00, 0xf0, 0x03, 0x00, 0x0b, 0x01, 0x00, 0x00, 0x0c, 0x01, 0x00, 0x00, 0x0a, 0x01, 0x00, 0x00, 
0x10, 0x40, 0x00, 0x00, 0x00, 0xb0, 0x01, 0x00, 0x16, 0x40, 0x00, 0x00, 0x01, 0x00, 0x00, 0x00, 
0x15, 0x40, 0x00, 0x00, 0x00, 0x30, 0x00, 0x00, 0x14, 0x40, 0x00, 0x00, 0x00, 0x02, 0x00, 0x00, 
0x14, 0x01, 0x01, 0x80, 0x21, 0x01, 0x01, 0x00, 0x20, 0x01, 0x01, 0x00, 0x20, 0x40, 0x00, 0x00, 
0x70, 0x66, 0x14, 0x00, 0x21, 0x40, 0x00, 0x00, 0xd0, 0x00, 0x00, 0x00, 0x22, 0x40, 0x00, 0x00, 
0x70, 0x5c, 0x14, 0x00, 0x16, 0x01, 0x0d, 0x00, 0x15, 0x01, 0x0d, 0x00, 0x17, 0x01, 0x0f, 0x00, 
0x2d, 0x01, 0x0e, 0x00, 0x2f, 0x01, 0x00, 0x00, 0x03, 0x00, 0x00, 0x00, 0x01, 0x40, 0x00, 0x00, 
0xb0, 0xf0, 0x03, 0x00, 0x03, 0x40, 0x00, 0x00, 0xb0, 0xf0, 0x03, 0x00, 0x0a, 0x01, 0x0b, 0x00, 
0x10, 0x40, 0x00, 0x00, 0x00, 0xb1, 0x01, 0x00, 0x20, 0x40, 0x00, 0x00, 0x40, 0x71, 0x14, 0x00, 
0x22, 0x40, 0x00, 0x00, 0x40, 0x67, 0x14, 0x00, 0x2f, 0x01, 0x03, 0x00, 0x03, 0x00, 0x00, 0x00, 
0x01, 0x40, 0x00, 0x00, 0x00, 0xf0, 0x03, 0x00, 0x02, 0x40, 0x00, 0x00, 0x00, 0x74, 0x04, 0x00, 
0x03, 0x40, 0x00, 0x00, 0x00, 0x74, 0x04, 0x00, 0x0b, 0x01, 0x0b, 0x00, 0x0c, 0x01, 0x0b, 0x00, 
0x0a, 0x01, 0x00, 0x00, 0x10, 0x40, 0x00, 0x00, 0x00, 0xc8, 0x01, 0x00, 0x20, 0x40, 0x00, 0x00, 
0x10, 0x7c, 0x14, 0x00, 0x22, 0x40, 0x00, 0x00, 0x10, 0x72, 0x14, 0x00, 0x03, 0x00, 0x00, 0x00, 
0x01, 0x40, 0x00, 0x00, 0xb0, 0xf0, 0x03, 0x00, 0x03, 0x40, 0x00, 0x00, 0xb0, 0x74, 0x04, 0x00, 
0x0a, 0x01, 0x0b, 0x00, 0x10, 0x40, 0x00, 0x00, 0x00, 0xc9, 0x01, 0x00, 0x20, 0x40, 0x00, 0x00, 
0xe0, 0x86, 0x14, 0x00, 0x22, 0x40, 0x00, 0x00, 0xe0, 0x7c, 0x14, 0x00, 0x03, 0x00, 0x00, 0x00, 
0x00, 0x40, 0x00, 0x00, 0x00, 0xb0, 0x01, 0x00, 0x01, 0x40, 0x00, 0x00, 0x00, 0x00, 0x00, 0x00, 
0x02, 0x40, 0x00, 0x00, 0x00, 0x00, 0x00, 0x00, 0x03, 0x40, 0x00, 0x00, 0x00, 0x00, 0x00, 0x00, 
0x0b, 0x01, 0x17, 0x00, 0x0c, 0x01, 0x17, 0x00, 0x0a, 0x01, 0x17, 0x00, 0x06, 0x40, 0x00, 0x00, 
0x01, 0x00, 0x00, 0x00, 0x05, 0x40, 0x00, 0x00, 0x00, 0x18, 0x00, 0x00, 0x04, 0x40, 0x00, 0x00, 
0x00, 0x01, 0x00, 0x00, 0x09, 0x01, 0x9c, 0xff, 0x05, 0x01, 0x01, 0x00, 0x10, 0x40, 0x00, 0x00, 
0x00, 0xf0, 0x03, 0x00, 0x1b, 0x01, 0x17, 0x00, 0x1c, 0x01, 0x17, 0x00, 0x1a, 0x01, 0x17, 0x00, 
0x12, 0x01, 0x17, 0x00, 0x11, 0x01, 0x17, 0x00, 0x13, 0x01, 0x7f, 0x00, 0x16, 0x40, 0x00, 0x00, 
0x80, 0x01, 0x00, 0x00, 0x15, 0x40, 0x00, 0x00, 0x00, 0x0c, 0x00, 0x00, 0x14, 0x40, 0x00, 0x00, 
0x10, 0x00, 0x00, 0x00, 0x18, 0x01, 0x1e, 0x00, 0x14, 0x01, 0x41, 0x00, 0x21, 0x01, 0x00, 0x00, 
0x20, 0x01, 0x00, 0x00, 0x20, 0x40, 0x00, 0x00, 0xb0, 0x8c, 0x14, 0x00, 0x21, 0x40, 0x00, 0x00, 
0xc0, 0x70, 0x00, 0x00, 0x22, 0x40, 0x00, 0x00, 0xb0, 0x87, 0x14, 0x00, 0x23, 0x40, 0x00, 0x00, 
0x00, 0x05, 0x00, 0x00, 0x16, 0x01, 0x07, 0x00, 0x15, 0x01, 0x07, 0x00, 0x17, 0x01, 0x3f, 0x00, 
0x2f, 0x01, 0x00, 0x00, 0x02, 0x00, 0x00, 0x00, 0x24, 0x40, 0x26, 0x00, 0x80, 0xb7, 0xd7, 0x42, 
0x00, 0x40, 0x00, 0x00, 0x00, 0xf0, 0x03, 0x00, 0x04, 0x01, 0x7f, 0x00, 0x06, 0x40, 0x00, 0x00, 
0x80, 0x01, 0x00, 0x00, 0x05, 0x40, 0x00, 0x00, 0x00, 0x0c, 0x00, 0x00, 0x04, 0x40, 0x00, 0x00, 
0x10, 0x00, 0x00, 0x00, 0x09, 0x01, 0x1e, 0x00, 0x05, 0x01, 0x41, 0x00, 0x10, 0x40, 0x00, 0x00, 
0x00, 0xd0, 0x02, 0x00, 0x18, 0x01, 0xda, 0xff, 0x14, 0x01, 0x41, 0x01, 0x26, 0x01, 0xda, 0xff, 
0x16, 0x01, 0x0f, 0x00, 0x15, 0x01, 0x0f, 0x00, 0x17, 0x01, 0x1f, 0x00, 0x0d, 0x01, 0x2e, 0x00, 
0x2d, 0x01, 0x2e, 0x00, 0x8f, 0x01, 0x00, 0x00, 0x80, 0x40, 0x00, 0x00, 0xc0, 0xa7, 0x03, 0x00, 
0x8b, 0x01, 0x00, 0x00, 0x8c, 0x01, 0x00, 0x00, 0x8a, 0x01, 0x00, 0x00, 0x86, 0x40, 0x00, 0x00, 
0x01, 0x00, 0x00, 0x00, 0x85, 0x40, 0x00, 0x00, 0x01, 0x00, 0x00, 0x00, 0x84, 0x40, 0x00, 0x00, 
0x01, 0x00, 0x00, 0x00, 0x89, 0x01, 0x7f, 0x00, 0x85, 0x01, 0x01, 0x00, 0x80, 0x01, 0x07, 0x00, 
0x2f, 0x01, 0x03, 0x00, 0x06, 0x00, 0x00, 0x00, 0x24, 0x40, 0x23, 0x00, 0x80, 0xf1, 0x70, 0x54, 
0x00, 0x40, 0x00, 0x00, 0x00, 0xd0, 0x02, 0x00, 0x09, 0x01, 0xda, 0xff, 0x18, 0x01, 0x1e, 0x00, 
0x26, 0x01, 0x80, 0xff, 0x80, 0x40, 0x00, 0x00, 0xd0, 0xa7, 0x03, 0x00, 0x85, 0x40, 0x00, 0x00, 
0x80, 0x00, 0x00, 0x00, 0x84, 0x40, 0x00, 0x00, 0x80, 0x00, 0x00, 0x00, 0x89, 0x01, 0x2a, 0x00, 
0x80, 0x01, 0x03, 0x00, 0x06, 0x00, 0x00, 0x00, 0x00, 0x40, 0x00, 0x00, 0x00, 0xf0, 0x03, 0x00, 
0x09, 0x01, 0x1e, 0x00, 0x10, 0x40, 0x00, 0x00, 0x00, 0xb0, 0x01, 0x00, 0x18, 0x01, 0xf9, 0xff, 
0x26, 0x01, 0xf9, 0xff, 0x16, 0x01, 0x09, 0x00, 0x15, 0x01, 0x15, 0x00, 0x17, 0x01, 0x0f, 0x00, 
0x0d, 0x01, 0x0a, 0x00, 0x2d, 0x01, 0x0e, 0x00, 0x24, 0x40, 0x1e, 0x00, 0x80, 0xc5, 0xdf, 0x58, 
0x05, 0x00, 0x01, 0x00, 0x25, 0x40, 0x0c, 0x00, 0x07, 0x36, 0x9d, 0x61, 0x24, 0x40, 0x32, 0x00, 
0xf4, 0x6e, 0x3e, 0x78, 0x00, 0x40, 0x00, 0x00, 0x00, 0xb0, 0x01, 0x00, 0x09, 0x01, 0xf9, 0xff, 
0x05, 0x01, 0x41, 0x02, 0x18, 0x01, 0x01, 0x00, 0x26, 0x01, 0x80, 0xff, 0x16, 0x01, 0x0f, 0x00, 
0x15, 0x01, 0x0f, 0x00, 0x17, 0x01, 0x1f, 0x00, 0x0d, 0x01, 0x2e, 0x00, 0x2d, 0x01, 0x2e, 0x00, 
0x8f, 0x01, 0x01, 0x00, 0x80, 0x40, 0x00, 0x00, 0x00, 0xd0, 0x02, 0x00, 0x8b, 0x01, 0x17, 0x00, 
0x8c, 0x01, 0x17, 0x00, 0x8a, 0x01, 0x17, 0x00, 0x86, 0x40, 0x00, 0x00, 0x80, 0x01, 0x00, 0x00, 
0x85, 0x40, 0x00, 0x00, 0x00, 0x0c, 0x00, 0x00, 0x84, 0x40, 0x00, 0x00, 0x10, 0x00, 0x00, 0x00, 
0x89, 0x01, 0x1e, 0x00, 0x85, 0x01, 0x41, 0x00, 0x80, 0x01, 0x00, 0x00, 0x06, 0x00, 0x01, 0x00, 
0x25, 0x40, 0x0d, 0x00, 0x7a, 0x17, 0x9f, 0x74, 0x24, 0x40, 0x31, 0x00, 0xfc, 0x32, 0x32, 0x40, 
0x00, 0x40, 0x00, 0x00, 0x00, 0x00, 0x00, 0x00, 0x09, 0x01, 0x0a, 0x00, 0x05, 0x01, 0x41, 0x01, 
0x80, 0x40, 0x00, 0x00, 0x00, 0xb0, 0x01, 0x00, 0x89, 0x01, 0x01, 0x00, 0x06, 0x00, 0x01, 0x00, 
0x00, 0x40, 0x00, 0x00, 0x00, 0xb0, 0x01, 0x00, 0x09, 0x01, 0x01, 0x00, 0x05, 0x01, 0x41, 0x00, 
0x00, 0x01, 0x02, 0x00, 0x01, 0x01, 0x02, 0x00, 0x03, 0x01, 0x02, 0x00, 0x02, 0x01, 0x02, 0x00, 
0x10, 0x40, 0x00, 0x00, 0x00, 0xd0, 0x02, 0x00, 0x18, 0x01, 0xf9, 0xff, 0x14, 0x01, 0x41, 0x00, 
0x21, 0x01, 0x04, 0x00, 0x20, 0x01, 0x04, 0x00, 0x20, 0x40, 0x00, 0x00, 0x70, 0x02, 0x15, 0x00, 
0x21, 0x40, 0x00, 0x00, 0x30, 0x0c, 0x00, 0x00, 0x22, 0x40, 0x00, 0x00, 0x70, 0xfd, 0x14, 0x00, 
0x16, 0x01, 0x0b, 0x00, 0x15, 0x01, 0x0b, 0x00, 0x17, 0x01, 0x0f, 0x00, 0x0d, 0x01, 0x0a, 0x00, 
0x2d, 0x01, 0x0e, 0x00, 0x03, 0x00, 0x00, 0x00, 0x00, 0x40, 0x00, 0x00, 0x00, 0xd0, 0x02, 0x00, 
0x09, 0x01, 0xf9, 0xff, 0x00, 0x01, 0x00, 0x00, 0x01, 0x01, 0x00, 0x00, 0x03, 0x01, 0x00, 0x00, 
0x02, 0x01, 0x00, 0x00, 0x10, 0x40, 0x00, 0x00, 0x00, 0x00, 0x00, 0x00, 0x18, 0x01, 0x10, 0x00, 
0x21, 0x01, 0x00, 0x00, 0x20, 0x01, 0x00, 0x00, 0x20, 0x40, 0x00, 0x00, 0xa0, 0x13, 0x15, 0x00, 
0x21, 0x40, 0x00, 0x00, 0x60, 0x38, 0x00, 0x00, 0x22, 0x40, 0x00, 0x00, 0xa0, 0x0e, 0x15, 0x00, 
0x16, 0x01, 0x07, 0x00, 0x15, 0x01, 0x07, 0x00, 0x17, 0x01, 0x3f, 0x00, 0x02, 0x00, 0x00, 0x00, 
0x25, 0x40, 0x0c, 0x00, 0xb5, 0xe9, 0xaa, 0x49, 0x24, 0x40, 0x31, 0x00, 0x0d, 0xde, 0x2b, 0x41, 
0x00, 0x40, 0x00, 0x00, 0x00, 0xb0, 0x01, 0x00, 0x09, 0x01, 0x01, 0x00, 0x05, 0x01, 0x41, 0x01, 
0x18, 0x01, 0x0e, 0x00, 0x14, 0x01, 0x41, 0x01, 0x16, 0x01, 0x0f, 0x00, 0x15, 0x01, 0x0f, 0x00, 
0x17, 0x01, 0x1f, 0x00, 0x0d, 0x01, 0x2e, 0x00, 0x2d, 0x01, 0x2e, 0x00, 0x80, 0x40, 0x00, 0x00, 
0x00, 0x00, 0x00, 0x00, 0x89, 0x01, 0x10, 0x00, 0x06, 0x00, 0x01, 0x00, 0x24, 0x40, 0x26, 0x00, 
0x00, 0xff, 0x1b, 0x63, 0x00, 0x40, 0x00, 0x00, 0x00, 0x00, 0x00, 0x00, 0x09, 0x01, 0x0e, 0x00, 
0x05, 0x01, 0x41, 0x00, 0x10, 0x40, 0x00, 0x00, 0x00, 0xd0, 0x02, 0x00, 0x18, 0x01, 0xa3, 0xff, 
0x26, 0x01, 0xa3, 0xff, 0x8f, 0x01, 0x00, 0x00, 0x80, 0x40, 0x00, 0x00, 0x50, 0xb2, 0x03, 0x00, 
0x8b, 0x01, 0x00, 0x00, 0x8c, 0x01, 0x00, 0x00, 0x8a, 0x01, 0x00, 0x00, 0x86, 0x40, 0x00, 0x00, 
0x01, 0x00, 0x00, 0x00, 0x85, 0x40, 0x00, 0x00, 0x01, 0x00, 0x00, 0x00, 0x84, 0x40, 0x00, 0x00, 
0x01, 0x00, 0x00, 0x00, 0x89, 0x01, 0x7f, 0x00, 0x85, 0x01, 0x01, 0x00, 0x80, 0x01, 0x07, 0x00, 
0x06, 0x00, 0x00, 0x00, 0x24, 0x40, 0x22, 0x00, 0x00, 0xc5, 0x72, 0x6d, 0x00, 0x40, 0x00, 0x00, 
0x00, 0xd0, 0x02, 0x00, 0x09, 0x01, 0xa3, 0xff, 0x18, 0x01, 0xbf, 0xff, 0x26, 0x01, 0x80, 0xff, 
0x80, 0x40, 0x00, 0x00, 0x60, 0xb2, 0x03, 0x00, 0x85, 0x40, 0x00, 0x00, 0x80, 0x00, 0x00, 0x00, 
0x84, 0x40, 0x00, 0x00, 0x80, 0x00, 0x00, 0x00, 0x89, 0x01, 0x4b, 0x00, 0x80, 0x01, 0x03, 0x00, 
0x06, 0x00, 0x00, 0x00, 0x00, 0x40, 0x00, 0x00, 0x00, 0x00, 0x00, 0x00, 0x09, 0x01, 0x0e, 0x00, 
0x10, 0x40, 0x00, 0x00, 0x00, 0xb0, 0x01, 0x00, 0x18, 0x01, 0xab, 0xff, 0x26, 0x01, 0xab, 0xff, 
0x16, 0x01, 0x09, 0x00, 0x15, 0x01, 0x15, 0x00, 0x17, 0x01, 0x0f, 0x00, 0x0d, 0x01, 0x0a, 0x00, 
0x2d, 0x01, 0x0e, 0x00, 0x24, 0x40, 0x1e, 0x00, 0x00, 0x92, 0x7c, 0x78, 0x05, 0x00, 0x01, 0x00, 
0x25, 0x40, 0x0c, 0x00, 0xba, 0x90, 0x14, 0x58, 0x24, 0x40, 0x31, 0x00, 0x00, 0x00, 0x00, 0x40, 
0x00, 0x40, 0x00, 0x00, 0x00, 0xb0, 0x01, 0x00, 0x09, 0x01, 0xab, 0xff, 0x05, 0x01, 0x41, 0x02, 
0x26, 0x01, 0x80, 0xff, 0x16, 0x01, 0x0f, 0x00, 0x15, 0x01, 0x0f, 0x00, 0x17, 0x01, 0x1f, 0x00, 
0x0d, 0x01, 0x2e, 0x00, 0x2d, 0x01, 0x2e, 0x00, 0x8f, 0x01, 0x01, 0x00, 0x80, 0x40, 0x00, 0x00, 
0x00, 0xd0, 0x02, 0x00, 0x8b, 0x01, 0x17, 0x00, 0x8c, 0x01, 0x17, 0x00, 0x8a, 0x01, 0x17, 0x00, 
0x86, 0x40, 0x00, 0x00, 0x80, 0x01, 0x00, 0x00, 0x85, 0x40, 0x00, 0x00, 0x00, 0x0c, 0x00, 0x00, 
0x84, 0x40, 0x00, 0x00, 0x10, 0x00, 0x00, 0x00, 0x89, 0x01, 0xbf, 0xff, 0x85, 0x01, 0x41, 0x00, 
0x80, 0x01, 0x00, 0x00, 0x06, 0x00, 0x01, 0x00, 0x05, 0x01, 0x41, 0x00, 0x00, 0x01, 0x02, 0x00, 
0x01, 0x01, 0x02, 0x00, 0x03, 0x01, 0x02, 0x00, 0x02, 0x01, 0x02, 0x00, 0x10, 0x40, 0x00, 0x00, 
0x00, 0x00, 0x00, 0x00, 0x18, 0x01, 0xbb, 0xff, 0x14, 0x01, 0x41, 0x00, 0x21, 0x01, 0x04, 0x00, 
0x20, 0x01, 0x04, 0x00, 0x20, 0x40, 0x00, 0x00, 0x00, 0x51, 0x15, 0x00, 0x21, 0x40, 0x00, 0x00, 
0x60, 0x0d, 0x00, 0x00, 0x22, 0x40, 0x00, 0x00, 0x00, 0x4c, 0x15, 0x00, 0x16, 0x01, 0x0b, 0x00, 
0x15, 0x01, 0x0b, 0x00, 0x17, 0x01, 0x0f, 0x00, 0x0d, 0x01, 0x0a, 0x00, 0x2d, 0x01, 0x0e, 0x00, 
0x03, 0x00, 0x00, 0x00, 0x00, 0x40, 0x00, 0x00, 0x00, 0x00, 0x00, 0x00, 0x09, 0x01, 0xbb, 0xff, 
0x00, 0x01, 0x00, 0x00, 0x01, 0x01, 0x00, 0x00, 0x03, 0x01, 0x00, 0x00, 0x02, 0x01, 0x00, 0x00, 
0x10, 0x40, 0x00, 0x00, 0x00, 0xd0, 0x02, 0x00, 0x18, 0x01, 0xf9, 0xff, 0x21, 0x01, 0x00, 0x00, 
0x20, 0x01, 0x00, 0x00, 0x20, 0x40, 0x00, 0x00, 0x60, 0x63, 0x15, 0x00, 0x21, 0x40, 0x00, 0x00, 
0x90, 0x39, 0x00, 0x00, 0x22, 0x40, 0x00, 0x00, 0x60, 0x5e, 0x15, 0x00, 0x16, 0x01, 0x07, 0x00, 
0x15, 0x01, 0x07, 0x00, 0x17, 0x01, 0x3f, 0x00, 0x02, 0x00, 0x00, 0x00, 0x25, 0x40, 0x0d, 0x00, 
0xd4, 0x15, 0xf9, 0x68, 0x24, 0x40, 0x31, 0x00, 0x9d, 0x88, 0x83, 0x43, 0x00, 0x40, 0x00, 0x00, 
0x00, 0xb0, 0x01, 0x00, 0x09, 0x01, 0xab, 0xff, 0x05, 0x01, 0x41, 0x01, 0x18, 0x01, 0xf1, 0xff, 
0x14, 0x01, 0x41, 0x01, 0x16, 0x01, 0x0f, 0x00, 0x15, 0x01, 0x0f, 0x00, 0x17, 0x01, 0x1f, 0x00, 
0x0d, 0x01, 0x2e, 0x00, 0x2d, 0x01, 0x2e, 0x00, 0x89, 0x01, 0xf9, 0xff, 0x06, 0x00, 0x01, 0x00, 
0x24, 0x40, 0x25, 0x00, 0x80, 0x71, 0x0e, 0x41, 0x00, 0x40, 0x00, 0x00, 0x00, 0xd0, 0x02, 0x00, 
0x09, 0x01, 0xf1, 0xff, 0x05, 0x01, 0x41, 0x00, 0x10, 0x40, 0x00, 0x00, 0x00, 0xb0, 0x01, 0x00, 
0x18, 0x01, 0x9a, 0xff, 0x26, 0x01, 0x9a, 0xff, 0x8f, 0x01, 0x00, 0x00, 0x80, 0x40, 0x00, 0x00, 
0xe0, 0xbc, 0x03, 0x00, 0x8b, 0x01, 0x00, 0x00, 0x8c, 0x01, 0x00, 0x00, 0x8a, 0x01, 0x00, 0x00, 
0x86, 0x40, 0x00, 0x00, 0x01, 0x00, 0x00, 0x00, 0x85, 0x40, 0x00, 0x00, 0x01, 0x00, 0x00, 0x00, 
0x84, 0x40, 0x00, 0x00, 0x01, 0x00, 0x00, 0x00, 0x89, 0x01, 0x7f, 0x00, 0x85, 0x01, 0x01, 0x00, 
0x80, 0x01, 0x07, 0x00, 0x06, 0x00, 0x00, 0x00, 0x24, 0x40, 0x22, 0x00, 0x80, 0xe3, 0x0b, 0x56, 
0x00, 0x40, 0x00, 0x00, 0x00, 0xb0, 0x01, 0x00, 0x09, 0x01, 0x9a, 0xff, 0x18, 0x01, 0xd2, 0xff, 
0x26, 0x01, 0x80, 0xff, 0x80, 0x40, 0x00, 0x00, 0xf0, 0xbc, 0x03, 0x00, 0x85, 0x40, 0x00, 0x00, 
0x80, 0x00, 0x00, 0x00, 0x84, 0x40, 0x00, 0x00, 0x80, 0x00, 0x00, 0x00, 0x89, 0x01, 0xe9, 0xff, 
0x80, 0x01, 0x03, 0x00, 0x06, 0x00, 0x00, 0x00, 0x00, 0x40, 0x00, 0x00, 0x00, 0xd0, 0x02, 0x00, 
0x09, 0x01, 0xf1, 0xff, 0x10, 0x40, 0x00, 0x00, 0x00, 0x00, 0x00, 0x00, 0x18, 0x01, 0x95, 0xff, 
0x26, 0x01, 0x95, 0xff, 0x16, 0x01, 0x09, 0x00, 0x15, 0x01, 0x15, 0x00, 0x17, 0x01, 0x0f, 0x00, 
0x0d, 0x01, 0x0a, 0x00, 0x2d, 0x01, 0x0e, 0x00, 0x24, 0x40, 0x1e, 0x00, 0x80, 0xe4, 0xc3, 0x69, 
0x05, 0x00, 0x01, 0x00, 0x25, 0x40, 0x0d, 0x00, 0x32, 0x29, 0x3d, 0x41, 0x24, 0x40, 0x31, 0x00, 
0x00, 0x00, 0x00, 0x40, 0x00, 0x40, 0x00, 0x00, 0x00, 0x00, 0x00, 0x00, 0x09, 0x01, 0x95, 0xff, 
0x05, 0x01, 0x41, 0x02, 0x26, 0x01, 0x80, 0xff, 0x16, 0x01, 0x0f, 0x00, 0x15, 0x01, 0x0f, 0x00, 
0x17, 0x01, 0x1f, 0x00, 0x0d, 0x01, 0x2e, 0x00, 0x2d, 0x01, 0x2e, 0x00, 0x8f, 0x01, 0x01, 0x00, 
0x80, 0x40, 0x00, 0x00, 0x00, 0xb0, 0x01, 0x00, 0x8b, 0x01, 0x17, 0x00, 0x8c, 0x01, 0x17, 0x00, 
0x8a, 0x01, 0x17, 0x00, 0x86, 0x40, 0x00, 0x00, 0x80, 0x01, 0x00, 0x00, 0x85, 0x40, 0x00, 0x00, 
0x00, 0x0c, 0x00, 0x00, 0x84, 0x40, 0x00, 0x00, 0x10, 0x00, 0x00, 0x00, 0x89, 0x01, 0xd2, 0xff, 
0x85, 0x01, 0x41, 0x00, 0x80, 0x01, 0x00, 0x00, 0x06, 0x00, 0x01, 0x00, 0x05, 0x01, 0x41, 0x00, 
0x10, 0x40, 0x00, 0x00, 0x00, 0xb0, 0x01, 0x00, 0x13, 0x01, 0x23, 0x00, 0x16, 0x40, 0x00, 0x00, 
0x01, 0x00, 0x00, 0x00, 0x15, 0x40, 0x00, 0x00, 0x60, 0x03, 0x00, 0x00, 0x14, 0x40, 0x00, 0x00, 
0x24, 0x00, 0x00, 0x00, 0x18, 0x01, 0xc0, 0xff, 0x14, 0x01, 0x01, 0x00, 0x20, 0x40, 0x00, 0x00, 
0x60, 0x9e, 0x15, 0x00, 0x21, 0x40, 0x00, 0x00, 0x90, 0x0e, 0x00, 0x00, 0x22, 0x40, 0x00, 0x00, 
0xf0, 0x9c, 0x15, 0x00, 0x23, 0x40, 0x00, 0x00, 0x70, 0x01, 0x00, 0x00, 0x16, 0x01, 0x03, 0x00, 
0x15, 0x01, 0x17, 0x00, 0x17, 0x01, 0x27, 0x00, 0x0d, 0x01, 0x0a, 0x00, 0x2d, 0x01, 0x0e, 0x00, 
0x02, 0x00, 0x00, 0x00, 0x00, 0x40, 0x00, 0x00, 0x00, 0xb0, 0x01, 0x00, 0x0b, 0x01, 0x00, 0x00, 
0x0c, 0x01, 0x00, 0x00, 0x0a, 0x01, 0x7f, 0x04, 0x04, 0x01, 0x11, 0x00, 0x06, 0x40, 0x00, 0x00, 
0x01, 0x00, 0x00, 0x00, 0x05, 0x40, 0x00, 0x00, 0x00, 0x51, 0x00, 0x00, 0x04, 0x40, 0x00, 0x00, 
0x12, 0x00, 0x00, 0x00, 0x09, 0x01, 0xc0, 0xff, 0x05, 0x01, 0x01, 0x00, 0x10, 0x40, 0x00, 0x00, 
0xc0, 0x3d, 0x02, 0x00, 0x1b, 0x01, 0x00, 0x00, 0x1c, 0x01, 0x00, 0x00, 0x1a, 0x01, 0x7f, 0x04, 
0x12, 0x01, 0x00, 0x00, 0x11, 0x01, 0x7f, 0x04, 0x13, 0x01, 0x11, 0x00, 0x16, 0x40, 0x00, 0x00, 
0x00, 0x7e, 0x00, 0x00, 0x15, 0x40, 0x00, 0x00, 0x00, 0xfc, 0x00, 0x00, 0x14, 0x40, 0x00, 0x00, 
0x10, 0x00, 0x00, 0x00, 0x14, 0x01, 0x41, 0x81, 0x16, 0x01, 0x01, 0x00, 0x15, 0x01, 0x03, 0x00, 
0x17, 0x01, 0x17, 0x00, 0x2d, 0x01, 0x1e, 0x00, 0x24, 0x40, 0x1f, 0x00, 0x01, 0x00, 0x00, 0x80, 
0x05, 0x00, 0x01, 0x00, 0x00, 0x40, 0x00, 0x00, 0x00, 0x20, 0x01, 0x00, 0x0b, 0x01, 0x0b, 0x00, 
0x0c, 0x01, 0x0b, 0x00, 0x0a, 0x01, 0x0b, 0x00, 0x04, 0x01, 0xff, 0x00, 0x06, 0x40, 0x00, 0x00, 
0xc0, 0x00, 0x00, 0x00, 0x05, 0x40, 0x00, 0x00, 0x00, 0x0c, 0x00, 0x00, 0x04, 0x40, 0x00, 0x00, 
0x10, 0x00, 0x00, 0x00, 0x09, 0x01, 0x9c, 0xff, 0x05, 0x01, 0x41, 0x00, 0x10, 0x40, 0x00, 0x00, 
0x00, 0xb0, 0x01, 0x00, 0x1b, 0x01, 0x0b, 0x00, 0x1c, 0x01, 0x0b, 0x00, 0x1a, 0x01, 0x0b, 0x00, 
0x12, 0x01, 0x0b, 0x00, 0x11, 0x01, 0x0b, 0x00, 0x13, 0x01, 0x6b, 0x00, 0x16, 0x40, 0x00, 0x00, 
0x01, 0x00, 0x00, 0x00, 0x15, 0x40, 0x00, 0x00, 0x10, 0x05, 0x00, 0x00, 0x14, 0x40, 0x00, 0x00, 
0x6c, 0x00, 0x00, 0x00, 0x14, 0x01, 0x01, 0x00, 0x20, 0x40, 0x00, 0x00, 0x30, 0xb1, 0x15, 0x00, 
0x21, 0x40, 0x00, 0x00, 0x60, 0x56, 0x00, 0x00, 0x22, 0x40, 0x00, 0x00, 0xf0, 0xac, 0x15, 0x00, 
0x23, 0x40, 0x00, 0x00, 0x40, 0x04, 0x00, 0x00, 0x16, 0x01, 0x05, 0x00, 0x15, 0x01, 0x05, 0x00, 
0x17, 0x01, 0x6f, 0x00, 0x2d, 0x01, 0x0e, 0x00, 0x02, 0x00, 0x00, 0x00, 0x00, 0x40, 0x00, 0x00, 
0x00, 0xb0, 0x01, 0x00, 0x0b, 0x01, 0x00, 0x00, 0x0c, 0x01, 0x00, 0x00, 0x0a, 0x01, 0x5f, 0x03, 
0x04, 0x01, 0x11, 0x00, 0x06, 0x40, 0x00, 0x00, 0x01, 0x00, 0x00, 0x00, 0x05, 0x40, 0x00, 0x00, 
0xc0, 0x3c, 0x00, 0x00, 0x04, 0x40, 0x00, 0x00, 0x12, 0x00, 0x00, 0x00, 0x09, 0x01, 0xc0, 0xff, 
0x05, 0x01, 0x01, 0x00, 0x10, 0x40, 0x00, 0x00, 0xc0, 0x85, 0x02, 0x00, 0x1b, 0x01, 0x00, 0x00, 
0x1c, 0x01, 0x00, 0x00, 0x1a, 0x01, 0x5f, 0x03, 0x12, 0x01, 0x00, 0x00, 0x11, 0x01, 0x5f, 0x03, 
0x13, 0x01, 0x11, 0x00, 0x16, 0x40, 0x00, 0x00, 0x00, 0x7e, 0x00, 0x00, 0x15, 0x40, 0x00, 0x00, 
0x00, 0xfc, 0x00, 0x00, 0x14, 0x40, 0x00, 0x00, 0x10, 0x00, 0x00, 0x00, 0x14, 0x01, 0x41, 0x81, 
0x16, 0x01, 0x01, 0x00, 0x15, 0x01, 0x03, 0x00, 0x17, 0x01, 0x17, 0x00, 0x2d, 0x01, 0x1e, 0x00, 
0x05, 0x00, 0x01, 0x00, 0x24, 0x40, 0x27, 0x00, 0x80, 0x7c, 0x00, 0x52, 0x00, 0x40, 0x00, 0x00, 
0xc0, 0x3d, 0x02, 0x00, 0x0a, 0x01, 0xdf, 0x07, 0x06, 0x40, 0x00, 0x00, 0x00, 0x7e, 0x00, 0x00, 
0x05, 0x40, 0x00, 0x00, 0x00, 0xfc, 0x00, 0x00, 0x04, 0x40, 0x00, 0x00, 0x10, 0x00, 0x00, 0x00, 
0x05, 0x01, 0x41, 0x00, 0x10, 0x40, 0x00, 0x00, 0xc0, 0x3d, 0x02, 0x00, 0x1a, 0x01, 0xdf, 0x07, 
0x11, 0x01, 0xdf, 0x07, 0x18, 0x01, 0xa9, 0xff, 0x14, 0x01, 0x41, 0x01, 0x15, 0x01, 0x3f, 0x00, 
0x0d, 0x01, 0x2e, 0x00, 0x2d, 0x01, 0x2e, 0x00, 0x8d, 0x01, 0x0a, 0x00, 0x8f, 0x01, 0x00, 0x00, 
0x80, 0x40, 0x00, 0x00, 0x20, 0xc3, 0x03, 0x00, 0x8b, 0x01, 0x00, 0x00, 0x8c, 0x01, 0x00, 0x00, 
0x8a, 0x01, 0x00, 0x00, 0x86, 0x40, 0x00, 0x00, 0x01, 0x00, 0x00, 0x00, 0x85, 0x40, 0x00, 0x00, 
0x01, 0x00, 0x00, 0x00, 0x84, 0x40, 0x00, 0x00, 0x01, 0x00, 0x00, 0x00, 0x89, 0x01, 0x80, 0xff, 
0x85, 0x01, 0x01, 0x00, 0x80, 0x01, 0x06, 0x00, 0x2f, 0x01, 0x00, 0x00, 0x06, 0x00, 0x00, 0x00, 
0x25, 0x40, 0x0c, 0x00, 0xc5, 0x89, 0x1c, 0x53, 0x24, 0x40, 0x31, 0x00, 0x2e, 0x13, 0x93, 0x45, 
0x09, 0x01, 0xa9, 0xff, 0x05, 0x01, 0x41, 0x02, 0x10, 0x40, 0x00, 0x00, 0x00, 0xb0, 0x01, 0x00, 
0x16, 0x40, 0x00, 0x00, 0x01, 0x00, 0x00, 0x00, 0x15, 0x40, 0x00, 0x00, 0xc0, 0x8d, 0x00, 0x00, 
0x14, 0x40, 0x00, 0x00, 0x12, 0x00, 0x00, 0x00, 0x18, 0x01, 0x96, 0xff, 0x14, 0x01, 0x01, 0x01, 
0x80, 0x40, 0x00, 0x00, 0x30, 0xc3, 0x03, 0x00, 0x8a, 0x01, 0xdf, 0x07, 0x85, 0x40, 0x00, 0x00, 
0xc0, 0x8d, 0x00, 0x00, 0x84, 0x40, 0x00, 0x00, 0x12, 0x00, 0x00, 0x00, 0x80, 0x01, 0x00, 0x00, 
0x2f, 0x01, 0x03, 0x00, 0x06, 0x00, 0x01, 0x00, 0x00, 0x40, 0x00, 0x00, 0x00, 0x00, 0x00, 0x00, 
0x0b, 0x01, 0x17, 0x00, 0x0c, 0x01, 0x17, 0x00, 0x0a, 0x01, 0x17, 0x00, 0x04, 0x01, 0x7f, 0x00, 
0x06, 0x40, 0x00, 0x00, 0x80, 0x01, 0x00, 0x00, 0x05, 0x40, 0x00, 0x00, 0x00, 0x0c, 0x00, 0x00, 
0x09, 0x01, 0x95, 0xff, 0x05, 0x01, 0x41, 0x00, 0x10, 0x40, 0x00, 0x00, 0xc0, 0x3d, 0x02, 0x00, 
0x1b, 0x01, 0x17, 0x00, 0x1c, 0x01, 0x17, 0x00, 0x1a, 0x01, 0x17, 0x00, 0x12, 0x01, 0x17, 0x00, 
0x11, 0x01, 0x17, 0x00, 0x13, 0x01, 0x01, 0x00, 0x15, 0x40, 0x00, 0x00, 0x30, 0x00, 0x00, 0x00, 
0x14, 0x40, 0x00, 0x00, 0x02, 0x00, 0x00, 0x00, 0x18, 0x01, 0x7f, 0x00, 0x14, 0x01, 0x01, 0x00, 
0x20, 0x40, 0x00, 0x00, 0xb0, 0x07, 0x16, 0x00, 0x21, 0x40, 0x00, 0x00, 0x50, 0x01, 0x00, 0x00, 
0x22, 0x40, 0x00, 0x00, 0x90, 0x07, 0x16, 0x00, 0x23, 0x40, 0x00, 0x00, 0x20, 0x00, 0x00, 0x00, 
0x16, 0x01, 0x07, 0x00, 0x15, 0x01, 0x17, 0x00, 0x17, 0x01, 0x07, 0x00, 0x0d, 0x01, 0x12, 0x00, 
0x2d, 0x01, 0x1e, 0x00, 0x02, 0x00, 0x00, 0x00, 0x00, 0x40, 0x00, 0x00, 0xc0, 0x3d, 0x02, 0x00, 
0x0b, 0x01, 0x00, 0x00, 0x0c, 0x01, 0x00, 0x00, 0x0a, 0x01, 0x7f, 0x04, 0x04, 0x01, 0x00, 0x00, 
0x06, 0x40, 0x00, 0x00, 0x01, 0x00, 0x00, 0x00, 0x05, 0x40, 0x00, 0x00, 0x80, 0x04, 0x00, 0x00, 
0x04, 0x40, 0x00, 0x00, 0x01, 0x00, 0x00, 0x00, 0x09, 0x01, 0x7f, 0x00, 0x05, 0x01, 0x01, 0x00, 
0x10, 0x40, 0x00, 0x00, 0x00, 0x00, 0x00, 0x00, 0x1b, 0x01, 0x00, 0x00, 0x1c, 0x01, 0x00, 0x00, 
0x1a, 0x01, 0x7f, 0x04, 0x12, 0x01, 0x00, 0x00, 0x11, 0x01, 0x7f, 0x04, 0x13, 0x01, 0x00, 0x00, 
0x15, 0x40, 0x00, 0x00, 0xe0, 0x07, 0x00, 0x00, 0x14, 0x40, 0x00, 0x00, 0x01, 0x00, 0x00, 0x00, 
0x14, 0x01, 0x01, 0x81, 0x16, 0x01, 0x01, 0x00, 0x15, 0x01, 0x33, 0x00, 0x0d, 0x01, 0x0a, 0x00, 
0x24, 0x40, 0x1f, 0x00, 0x01, 0x00, 0x00, 0x80, 0x2f, 0x01, 0x02, 0x00, 0x05, 0x00, 0x01, 0x00, 
0x00, 0x40, 0x00, 0x00, 0x00, 0x20, 0x01, 0x00, 0x0b, 0x01, 0x0b, 0x00, 0x0c, 0x01, 0x0b, 0x00, 
0x0a, 0x01, 0x0b, 0x00, 0x04, 0x01, 0xff, 0x00, 0x06, 0x40, 0x00, 0x00, 0xc0, 0x00, 0x00, 0x00, 
0x05, 0x40, 0x00, 0x00, 0x00, 0x0c, 0x00, 0x00, 0x04, 0x40, 0x00, 0x00, 0x10, 0x00, 0x00, 0x00, 
0x09, 0x01, 0x9c, 0xff, 0x05, 0x01, 0x41, 0x00, 0x10, 0x40, 0x00, 0x00, 0xe0, 0x07, 0x00, 0x00, 
0x1b, 0x01, 0x0b, 0x00, 0x1c, 0x01, 0x0b, 0x00, 0x1a, 0x01, 0x0b, 0x00, 0x12, 0x01, 0x0b, 0x00, 
0x11, 0x01, 0x0b, 0x00, 0x13, 0x01, 0x05, 0x00, 0x15, 0x40, 0x00, 0x00, 0x48, 0x00, 0x00, 0x00, 
0x14, 0x40, 0x00, 0x00, 0x06, 0x00, 0x00, 0x00, 0x14, 0x01, 0x01, 0x00, 0x20, 0x40, 0x00, 0x00, 
0x40, 0x09, 0x16, 0x00, 0x21, 0x40, 0x00, 0x00, 0x90, 0x05, 0x00, 0x00, 0x22, 0x40, 0x00, 0x00, 
0x00, 0x09, 0x16, 0x00, 0x23, 0x40, 0x00, 0x00, 0x40, 0x00, 0x00, 0x00, 0x16, 0x01, 0x0b, 0x00, 
0x15, 0x01, 0x0b, 0x00, 0x0d, 0x01, 0x12, 0x00, 0x2f, 0x01, 0x03, 0x00, 0x02, 0x00, 0x00, 0x00, 
0x00, 0x40, 0x00, 0x00, 0xe0, 0x07, 0x00, 0x00, 0x0b, 0x01, 0x00, 0x00, 0x0c, 0x01, 0x00, 0x00, 
0x0a, 0x01, 0x5f, 0x03, 0x04, 0x01, 0x00, 0x00, 0x06, 0x40, 0x00, 0x00, 0x01, 0x00, 0x00, 0x00, 
0x05, 0x40, 0x00, 0x00, 0x60, 0x03, 0x00, 0x00, 0x04, 0x40, 0x00, 0x00, 0x01, 0x00, 0x00, 0x00, 
0x09, 0x01, 0x7f, 0x00, 0x05, 0x01, 0x01, 0x00, 0x10, 0x40, 0x00, 0x00, 0x80, 0x04, 0x00, 0x00, 
0x1b, 0x01, 0x00, 0x00, 0x1c, 0x01, 0x00, 0x00, 0x1a, 0x01, 0x5f, 0x03, 0x12, 0x01, 0x00, 0x00, 
0x11, 0x01, 0x5f, 0x03, 0x13, 0x01, 0x00, 0x00, 0x15, 0x40, 0x00, 0x00, 0xe0, 0x07, 0x00, 0x00, 
0x14, 0x40, 0x00, 0x00, 0x01, 0x00, 0x00, 0x00, 0x14, 0x01, 0x01, 0x81, 0x16, 0x01, 0x01, 0x00, 
0x15, 0x01, 0x33, 0x00, 0x0d, 0x01, 0x0a, 0x00, 0x2f, 0x01, 0x00, 0x00, 0x05, 0x00, 0x01, 0x00, 
0x00, 0x00, 0xff, 0xff
};
